email,first_name,last_name,opens,clicks,address,phone_number,birthday,company,submitted_by,submitting_office,job_title,department,corporate_phone_number,linkedin_profile_url,company_website,ciudad,estado_provincia,pa_s
Philipp.boening@circ.earth,,,1,0,,,,Circ,Demiral Ikram,Peterson Solutions,,,,,,,,
a@luum.co,,,0,0,,,,The Conscious Home LLC,Callie Pople,Control Union USA,,,,,,,,
aakchulakova@canadagoose.com,,,0,0,,,,Canada Goose Inc.,Callie Pople,Control Union USA,,,,,,,,
aamir.dawood@amtexyarns.com,,,0,0,,,,Amtex (YARN) Manufacturing Inc,Callie Pople,Control Union USA,,,,,,,,
aarmenska@unisyncgroup.com,,,0,0,,,,UNISYNC GROUP LIMITED,Callie Pople,Control Union USA,,,,,,,,
aaron.aybar@lidl.us,,,0,0,,,,Lidl US LLC,Callie Pople,Control Union USA,,,,,,,,
aaron.driggers@underarmour.com,,,0,0,,,,Under Armour Global Sourcing Ltd,Callie Pople,Control Union USA,,,,,,,,
aaron.hudson@coats.com,,,0,0,,,,"Coats America, Inc",Callie Pople,Control Union USA,,,,,,,,
aaron.miller@loloirugs.com,,,0,0,,,,Loloi Inc (DBA Loloi Rugs),Callie Pople,Control Union USA,,,,,,,,
abby.wong@aloyoga.com,,,0,0,,,,ALO,Callie Pople,Control Union USA,,,,,,,,
abhijit_sharma@gap.com,,,8,0,,,,The Gap Inc.,Callie Pople,Control Union USA,,,,,,,,
abisai.jimenez@conedenim.com,,,0,0,,,,CONE DENIM LLC,Callie Pople,Control Union USA,,,,,,,,
abisai.jimenez@elevatetextiles.com,,,0,0,,,,CONE DENIM LLC,Callie Pople,Control Union USA,,,,,,,,
acahill1@llbean.com,,,0,0,,,,L.L. Bean,Callie Pople,Control Union USA,,,,,,,,
account@robink.com,,,0,0,,,,CATWALK TO SIDEWALK,Callie Pople,Control Union USA,,,,,,,,
accounting@downdecor.com,,,0,0,,,,"Down Home, dba Down Decor",Callie Pople,Control Union USA,,,,,,,,
accounting@imstradingusa.com,,,1,0,,,,IMS Trading LLC,Callie Pople,Control Union USA,,,,,,,,
accounting@lovevery.com,,,1,0,,,,"Lovevery, Inc.",Callie Pople,Control Union USA,,,,,,,,
accounting@sunfiberllc.com,,,0,0,,,,Sun Fiber LLC,Callie Pople,Control Union USA,,,,,,,,
accountspayable@mondetta.com,,,0,0,,,,Mondetta Canada Inc.,Callie Pople,Control Union USA,,,,,,,,
accountspayable@sertasimmons.com,,,0,0,,,,Tuft & Needle,Callie Pople,Control Union USA,,,,,,,,
aconde@bmtny.com,,,0,0,,,,BMT Commodity Corp,Callie Pople,Control Union USA,,,,,,,,
acorbett@calderontextiles.com,,,0,0,,,,Calderon Textiles,Callie Pople,Control Union USA,,,,,,,,
adah@ucalingerie.com,,,1,0,,,,"UCALINGERIE, INC.",Callie Pople,Control Union USA,,,,,,,,
adam.brundage@nike.com,,,0,0,,,,"Nike, Inc.",Callie Pople,Control Union USA,,,,,,,,
adawood@amtexyarns.com,,,0,0,,,,Amtex (YARN) Manufacturing Inc,Callie Pople,Control Union USA,,,,,,,,
adnan@arus.com,,,0,0,,,,"Arus Marketing, Inc.",Callie Pople,Control Union USA,,,,,,,,
adrien.simmat@decathlon.com,,,1,0,,,,DECATHLON,Callie Pople,Control Union USA,,,,,,,,
aeakins@canadagoose.com,,,0,0,,,,Canada Goose Inc.,Callie Pople,Control Union USA,,,,,,,,
afeng@aritzia.com,,,0,0,,,,Aritzia LP,Callie Pople,Control Union USA,,,,,,,,
afreeman@gerberchildrenswear.com,,,0,0,,,,"Gerber Childrenswear, LLC",Callie Pople,Control Union USA,,,,,,,,
ageiser@animaladventure.com,,,0,0,,,,"Animal Adventure, LLC",Callie Pople,Control Union USA,,,,,,,,
ageller@bigagnes.com,,,0,0,,,,"Big Agnes, Inc.",Callie Pople,Control Union USA,,,,,,,,
agingo@oxfordinc.com,,,0,0,,,,"Oxford Industries, Inc.",Callie Pople,Control Union USA,,,,,,,,
agiovanniello@amscan.com,,,0,0,,,,Amscan/PartyCity,Callie Pople,Control Union USA,,,,,,,,
ahendel@caleres.com,,,0,0,,,,Vionic Group LLC.,Callie Pople,Control Union USA,,,,,,,,
aiko.bode@fenixoutdoor.com,,,0,0,,,,Fenix Outdoor,Demiral Ikram,Peterson Solutions,,,,,,,,
ajensen@costco.com,,,0,0,,,,Costco,Callie Pople,Control Union USA,,,,,,,,
ajones@bemisworldwide.com,,,0,0,,,,Bemis Associates,Callie Pople,Control Union USA,,,,,,,,
akalra@smallworld-home.com,,,0,0,,,,Jetrich Canada Limited,Callie Pople,Control Union USA,,,,,,,,
alan.staples@loloirugs.com,,,0,0,,,,Loloi Inc (DBA Loloi Rugs),Callie Pople,Control Union USA,,,,,,,,
alanchin@talapparel.com,,,1,0,,,,TAL Apparel Limited,Callie Pople,Control Union USA,,,,,,,,
albaleon@pvh.com,,,0,0,,,,PVH Corporation,Callie Pople,Control Union USA,,,,,,,,
albert@idealquilting.com,,,2,0,,,,Ideal Quilting,Callie Pople,Control Union USA,,,,,,,,
alejandro.parcero@mango.com,,,0,0,,,,"Mango MNG, S.A.",Callie Pople,Control Union USA,,,,,,,,
alex.fung@silkandsnow.com,,,1,0,,,,Silk & Snow Inc.,Callie Pople,Control Union USA,,,,,,,,
alex.korchinski@nike.com,,,0,0,,,,"Nike, Inc.",Callie Pople,Control Union USA,,,,,,,,
alexander.alfageme@ch.guess.eu,,,2,0,,,,"Guess?, Inc.",Callie Pople,Control Union USA,,,,,,,,
alexandra.bush@brooksrunning.com,,,0,0,,,,Brooks Running,Callie Pople,Control Union USA,,,,,,,,
alexandra.i@adoreme.com,,,1,0,,,,Adore Me,Callie Pople,Control Union USA,,,,,,,,
alexis@vivasbr.com,,,0,0,,,,"SPC GLOBAL , LLC",Callie Pople,Control Union USA,,,,,,,,
alexis_herberg@gordini.com,,,0,0,,,,"Gordini USA, Inc.",Callie Pople,Control Union USA,,,,,,,,
alexis_wilson@craftsamericana.com,,,0,0,,,,"Crafts Group, LLC",Callie Pople,Control Union USA,,,,,,,,
ali.poling@dgpb.com,,,2,0,,,,Delta Galil USA Inc,Callie Pople,Control Union USA,,,,,,,,
alice.dee@secretlinenstore.com,,,0,0,,,,Secret Linen Store,Demiral Ikram,Peterson Solutions,,,,,,,,
alicia.gibreal@buckle.com,,,0,0,,,,Buckle,Callie Pople,Control Union USA,,,,,,,,
alicia.serrano@mango.com,,,0,0,,,,"Mango MNG, S.A.",Callie Pople,Control Union USA,,,,,,,,
alicia_chin@vfc.com,,,0,0,,,,VF Corporation / The North Face,Callie Pople,Control Union USA,,,,,,,,
alicja.jordan@zalando.de,,,1,0,,,,Zalando SE,Callie Pople,Control Union USA,,,,,,,,
aliclary@sanmar.com,,,0,0,,,,SanMar,Callie Pople,Control Union USA,,,,,,,,
aliu@tncliving.com,,,0,0,,,,Town & Country Holdings Inc d/b/a Town and Country Living,Callie Pople,Control Union USA,,,,,,,,
alka@abstrade.com,,,0,0,,,,EVERGRACE HOME INC.,Callie Pople,Control Union USA,,,,,,,,
allen.little@conedenim.com,,,0,0,,,,CONE DENIM LLC,Callie Pople,Control Union USA,,,,,,,,
allene.harris@disney.com,,,0,0,,,,Disney,Callie Pople,Control Union USA,,,,,,,,
almar@masholdings.com,,,0,0,,,,"MAS US Holdings, INC",Callie Pople,Control Union USA,,,,,,,,
alouden@primark.com,,,0,0,,,,Primark (AB Foods),Callie Pople,Control Union USA,,,,,,,,
alroc@ecco.com,,,0,0,,,,Ecco,Callie Pople,Control Union USA,,,,,,,,
altaylor@toryburch.com,,,0,0,,,,"Tory Burch, LLC",Callie Pople,Control Union USA,,,,,,,,
alyczko@sleeponlatex.com,,,1,0,,,,Shevick Sales Corp DBA Earthfoam,Callie Pople,Control Union USA,,,,,,,,
alyse_russel@vfc.com,,,0,0,,,,VF Corporation / The North Face,Callie Pople,Control Union USA,,,,,,,,
amallinson@aritzia.com,,,0,0,,,,Aritzia LP,Callie Pople,Control Union USA,,,,,,,,
amandad@revman.com,,,0,0,,,,Revman International Inc.,Callie Pople,Control Union USA,,,,,,,,
amelie.cloutier@arcteryx.com,,,0,0,,,,Arc'teryx Equipment,Callie Pople,Control Union USA,,,,,,,,
aminah.crawford@amgcompanies.com,,,0,0,,,,AmeriCo Group,Callie Pople,Control Union USA,,,,,,,,
amit.mahadevia@underarmour.com,,,0,0,,,,Under Armour Global Sourcing Ltd,Callie Pople,Control Union USA,,,,,,,,
amna.bajwa@thereformation.us,,,0,0,,,,Reformation/LYMI Inc.,Callie Pople,Control Union USA,,,,,,,,
amy.lane@lovevery.com,,,0,0,,,,"Lovevery, Inc.",Callie Pople,Control Union USA,,,,,,,,
amy_gray@vfc.com,,,0,0,,,,VF Corporation / The North Face,Callie Pople,Control Union USA,,,,,,,,
anachiu@pvh.com,,,1,0,,,,PVH Corporation,Callie Pople,Control Union USA,,,,,,,,
anakama@parachutehome.com,,,0,0,,,,Parachute Home Inc.,Callie Pople,Control Union USA,,,,,,,,
ananeves@pvh.com,,,0,0,,,,PVH Corporation,Callie Pople,Control Union USA,,,,,,,,
anant@myessentia.com,,,0,0,,,,Organic Exchange Inc.,Callie Pople,Control Union USA,,,,,,,,
anantparmar1@gmail.com,,,0,0,,,,Organic Exchange Inc.,Callie Pople,Control Union USA,,,,,,,,
andrea.dearborn@skims.com,,,0,0,,,,SKIMS,Callie Pople,Control Union USA,,,,,,,,
andrea@swisstexdirect.com,,,0,0,,,,Swisstex Direct,Callie Pople,Control Union USA,,,,,,,,
andres.perez@bombas.com,,,0,0,,,,Bombas LLC.,Callie Pople,Control Union USA,,,,,,,,
andrew.li@puma.com,,,0,0,,,,Puma SE,Callie Pople,Control Union USA,,,,,,,,
andy.petricoff@indocount.com,,,0,0,,,,INDO COUNT GLOBAL INC,Callie Pople,Control Union USA,,,,,,,,
andy.ross@earthlink.net,,,0,0,,,,Ross Glove Co.,Callie Pople,Control Union USA,,,,,,,,
andy@downdecor.com,,,0,0,,,,"Down Home, dba Down Decor",Callie Pople,Control Union USA,,,,,,,,
angela.shepherd@nike.com,,,0,0,,,,"Nike, Inc.",Callie Pople,Control Union USA,,,,,,,,
angela.wolverton@decathlon.com,,,1,0,,,,DECATHLON,Callie Pople,Control Union USA,,,,,,,,
angelaluna@pvh.com,,,0,0,,,,PVH Corporation,Callie Pople,Control Union USA,,,,,,,,
angelas@bioworldmerch.com,,,0,0,,,,Bioworld Merchandising,Callie Pople,Control Union USA,,,,,,,,
angelasug@inditex.com,,,1,0,,,,Industria de Diseno Textil (INDITEX),Callie Pople,Control Union USA,,,,,,,,
angerra@unitedlegwear.com,,,0,0,,,,United Legwear & Apparel Co.,Callie Pople,Control Union USA,,,,,,,,
angie.nelson@nike.com,,,0,0,,,,"Nike, Inc.",Callie Pople,Control Union USA,,,,,,,,
anil@dkcompany.com,,,0,0,,,,DK Company A/S,Callie Pople,Control Union USA,,,,,,,,
anita.lembke@lulus.com,,,0,0,,,,"Lulu's Fashion Lounge, LLC",Callie Pople,Control Union USA,,,,,,,,
ann-kristin_erdmann-burt@hugoboss.com,,,0,0,,,,Hugoboss,Nicolas B,Control Union Zwolle,,,,,,,,
anna.biverstal@hm.com,,,0,0,,,,H&M Group,Callie Pople,Control Union USA,,,,,,,,
anna.hyam@gymshark.com,,,0,0,,,,Gymshark,Callie Pople,Control Union USA,,,,,,,,
anna.johannsen@brands-fashion.com,,,0,0,,,,Brands Fashion US Inc.,Callie Pople,Control Union USA,,,,,,,,
anna.kim-williams@nike.com,,,0,0,,,,"Nike, Inc.",Callie Pople,Control Union USA,,,,,,,,
anna.palmqvist@syre.com,,,0,0,,,,H&M Group,Callie Pople,Control Union USA,,,,,,,,
anna@clairebell.com,,,1,0,,,,Happy Kids Canada Inc.,Callie Pople,Control Union USA,,,,,,,,
annaeklof.asp@hm.com,,,0,0,,,,H&M Group,Callie Pople,Control Union USA,,,,,,,,
annagordon@costco.com,,,0,0,,,,Costco,Callie Pople,Control Union USA,,,,,,,,
anne.mcelyea@thereformation.com,,,1,0,,,,Reformation/LYMI Inc.,Callie Pople,Control Union USA,,,,,,,,
annepacchia@ck.com,,,0,0,,,,PVH Corporation,Callie Pople,Control Union USA,,,,,,,,
annie.oksness@target.com,,,0,0,,,,Target Corporation,Callie Pople,Control Union USA,,,,,,,,
anoukc@ntdapparel.com,,,0,0,,,,NTD Apparel Inc,Callie Pople,Control Union USA,,,,,,,,
anthony.ng@ros.com,,,0,0,,,,"Ross Stores, Inc.",Callie Pople,Control Union USA,,,,,,,,
anthony@csfibers.com,,,0,0,,,,"Custom Synthetic Fibers, LLC",Callie Pople,Control Union USA,,,,,,,,
anthonymlopez@costco.com,,,0,0,,,,Costco,Callie Pople,Control Union USA,,,,,,,,
ap@earththerapeutics.us,,,0,0,,,,Sunny Marketing Systems Inc,Callie Pople,Control Union USA,,,,,,,,
ap@imstradingusa.com,,,0,0,,,,IMS Trading LLC,Callie Pople,Control Union USA,,,,,,,,
apedersen@oxfordinc.com,,,0,0,,,,"Oxford Industries, Inc.",Callie Pople,Control Union USA,,,,,,,,
apmail@kentwool.com,,,0,0,,,,Kentwool Yarn,Callie Pople,Control Union USA,,,,,,,,
archak.pattanaik@puma.com,,,0,0,,,,PUMA,Nicolas B,Control Union Zwolle,,,,,,,,
arengel@wip-trading.ch,,,0,0,,,,Carhartt,Nicolas B,Control Union Zwolle,,,,,,,,
arg57@hotmail.com,,,0,0,,,,"FIBER RECON, INC",Callie Pople,Control Union USA,,,,,,,,
ariana@ecofashioncorp.com,,,1,1,,,,"Ecofashion Corp S.P.C. DBA MARCI ZAROFF SUSTAINABLE BRANDS LLC, FARM TO HOME, YES AND, SEED TO STYLE, FARM TO FLIGHT.",Callie Pople,Control Union USA,,,,,,,,
arshit.chabukswar@fastretailing.com,,,1,0,,,,"UNIQLO USA, LLC",Callie Pople,Control Union USA,,,,,,,,
arthur.lam@americanwoolen.com,,,0,0,,,,"American Woolen Company, Inc.",Callie Pople,Control Union USA,,,,,,,,
asa.andersson@hellyhansen.com,,,0,0,,,,Helly Hansen,Callie Pople,Control Union USA,,,,,,,,
asauer@burtsbeesbaby.com,,,0,0,,,,Ayablu Inc. DBA Burts Bees Baby,Callie Pople,Control Union USA,,,,,,,,
ashishkumer.das@tchibo.de,,,0,0,,,,Tchibo GmbH,Callie Pople,Control Union USA,,,,,,,,
ashley.clark@bombas.com,,,0,0,,,,Bombas LLC.,Callie Pople,Control Union USA,,,,,,,,
ashley.copp@nike.com,,,0,0,,,,"Nike, Inc.",Callie Pople,Control Union USA,,,,,,,,
ashley@abadfoam.com,,,0,0,,,,"Innovative Bedding Solutions, Inc.",Callie Pople,Control Union USA,,,,,,,,
ashleyfang@stevemadden.com,,,0,0,,,,"Steven Madden, Ltd.",Callie Pople,Control Union USA,,,,,,,,
ashutosh.halbe@indocount.com,,,0,0,,,,INDO COUNT GLOBAL INC,Callie Pople,Control Union USA,,,,,,,,
ashwin.koilparambil@hm.com,,,4,0,,,,H&M Group,Callie Pople,Control Union USA,,,,,,,,
asif.khan@mondetta.com,,,0,0,,,,Mondetta Canada Inc.,Callie Pople,Control Union USA,,,,,,,,
asmith@costco.com,,,0,0,,,,Costco,Callie Pople,Control Union USA,,,,,,,,
astriegel@wearpact.com,,,2,0,,,,"Wear PACT, LLC",Callie Pople,Control Union USA,,,,,,,,
aurdiales@liberatedbrands.com,,,0,0,,,,Liberated-Spyder LLC,Callie Pople,Control Union USA,,,,,,,,
avery_lindeman@gap.com,,,0,0,,,,The Gap Inc.,Callie Pople,Control Union USA,,,,,,,,
avinash.bhatnagar@target.com,,,0,0,,,,Target Corporation,Callie Pople,Control Union USA,,,,,,,,
aya.hanada@fastretailing.com,,,0,0,,,,"UNIQLO USA, LLC",Callie Pople,Control Union USA,,,,,,,,
aycan@earththerapeutics.us,,,0,0,,,,Sunny Marketing Systems Inc,Callie Pople,Control Union USA,,,,,,,,
azarrouk@fibertexinc.com,,,0,0,,,,Fibertex Inc.,Callie Pople,Control Union USA,,,,,,,,
azita@sportek.com,,,0,0,,,,Sportek International,Callie Pople,Control Union USA,,,,,,,,
barry@sqz.com,,,0,0,,,,Amica Apparel Corp.,Callie Pople,Control Union USA,,,,,,,,
bcoleman@toughcutie.com,,,0,0,,,,Sock Tech Solutions Inc. (DBA ToughCutie),Callie Pople,Control Union USA,,,,,,,,
beatriz_aguilar@intradeco.com,,,0,0,,,,Intradeco Apparel Inc,Callie Pople,Control Union USA,,,,,,,,
becca.whitney@vuori.com,,,0,0,,,,"Vuori, Inc.",Callie Pople,Control Union USA,,,,,,,,
becky.janicek@buckle.com,,,0,0,,,,Buckle,Callie Pople,Control Union USA,,,,,,,,
becky.stewart@exxel.com,,,0,0,,,,"Exxel Outdoors, LLC",Callie Pople,Control Union USA,,,,,,,,
ben@shanikowoolcompany.com,,,7,0,,,,Shaniko Wool Company LLC,Callie Pople,Control Union USA,,,,,,,,
ben@sportek.com,,,2,0,,,,Sportek International,Callie Pople,Control Union USA,,,,,,,,
ben@whisper-organics.com,,,0,0,,,,Futterman Textiles Inc dba Whisper Organics,Callie Pople,Control Union USA,,,,,,,,
bengt@regallager.com,,,0,0,,,,"Regal Lager, Inc.",Callie Pople,Control Union USA,,,,,,,,
bennett.wetch@nike.com,,,0,0,,,,"Nike, Inc.",Callie Pople,Control Union USA,,,,,,,,
beny@jnspack.com,,,0,0,,,,J&S Packaging Inc,Callie Pople,Control Union USA,,,,,,,,
berenice@swisstexdirect.com,,,0,0,,,,Swisstex Direct,Callie Pople,Control Union USA,,,,,,,,
beth.kusek@nike.com,,,0,0,,,,"Nike, Inc.",Callie Pople,Control Union USA,,,,,,,,
beth.sullivan@eddiebauer.com,,,0,0,,,,Eddie Bauer LLC,Callie Pople,Control Union USA,,,,,,,,
beth.vosper@circ.earth,,,1,0,,,,Circ,Demiral Ikram,Peterson Solutions,,,,,,,,
betsy_fryday@gap.com,,,2,0,,,,The Gap Inc.,Callie Pople,Control Union USA,,,,,,,,
betty@ebifabrics.com,,,0,0,,,,EBI Fabrics Corporation,Callie Pople,Control Union USA,,,,,,,,
bhoward@bemisworldwide.com,,,0,0,,,,Bemis Associates,Callie Pople,Control Union USA,,,,,,,,
binyamin@whisper-organics.com,,,1,0,,,,Futterman Textiles Inc dba Whisper Organics,Callie Pople,Control Union USA,,,,,,,,
biren@finecottonfactory.com,,,3,0,,,,Fine Cotton Factory Inc.,Callie Pople,Control Union USA,,,,,,,,
blanca@samsol.com.gt,,,0,0,,,,"SPC GLOBAL , LLC",Callie Pople,Control Union USA,,,,,,,,
blphillips@maharam.com,,,0,0,,,,Maharam Fabric Corporation,Callie Pople,Control Union USA,,,,,,,,
bo.duijvestijn@asics.com,,,0,0,,,,Asics,Nicolas B,Control Union Zwolle,,,,,,,,
bo.li@adidas.com,,,0,0,,,,adidas AG,Callie Pople,Control Union USA,,,,,,,,
bob.barush@glenwaydistribution.com,,,0,0,,,,"Pem-America, Inc.",Callie Pople,Control Union USA,,,,,,,,
bobby.r@burlington.com,,,0,0,,,,Burlington,Callie Pople,Control Union USA,,,,,,,,
bonnieconnors@mac.com,,,0,0,,,,"Roselon Industries, Inc.",Callie Pople,Control Union USA,,,,,,,,
bqxbu@caleres.com,,,0,0,,,,Vionic Group LLC.,Callie Pople,Control Union USA,,,,,,,,
brad.boren@norrona.no,,,1,0,,,,Norrona Sport AS,Callie Pople,Control Union USA,,,,,,,,
brenda@csfibers.com,,,1,8,,,,"Custom Synthetic Fibers, LLC",Callie Pople,Control Union USA,,,,,,,,
brendawylee@nalc.npcam.com,,,0,0,,,,"NAN YA PLASTICS CORPORATION, AMERICA",Callie Pople,Control Union USA,,,,,,,,
brent@nemoequipment.com,,,0,0,,,,"NEMO Equipment, Inc.",Callie Pople,Control Union USA,,,,,,,,
brian.berenson@imperialapparel.com,,,0,0,,,,Imperial Apparel Group Inc.,Callie Pople,Control Union USA,,,,,,,,
brianlaplante@ykk.com,,,0,0,,,,YKK Corporation,Callie Pople,Control Union USA,,,,,,,,
brojas@vpcgroup.com,,,0,0,,,,VPC Group Inc.,Callie Pople,Control Union USA,,,,,,,,
brudnick@lkeeco.com,,,0,0,,,,Keeco LLC,Callie Pople,Control Union USA,,,,,,,,
bryony_chandler_trick@vfc.com,,,0,0,,,,VF Corporation / The North Face,Callie Pople,Control Union USA,,,,,,,,
bsmigielski@ardencompanies.com,,,0,0,,,,Arden Companies LLC,Callie Pople,Control Union USA,,,,,,,,
bstephenson@omnicotton.com,,,1,0,,,,Omnicotton Inc,Callie Pople,Control Union USA,,,,,,,,
bumkee@janibell.com,,,0,0,,,,"JANIBELL,INC",Callie Pople,Control Union USA,,,,,,,,
burcu@kb22.us,,,0,0,,,,"KB22, Inc.",Callie Pople,Control Union USA,,,,,,,,
bwhitney@vuoriclothing.com,,,0,0,,,,"Vuori, Inc.",Callie Pople,Control Union USA,,,,,,,,
c.reed@gymshark.com,,,0,0,,,,Gymshark,Callie Pople,Control Union USA,,,,,,,,
caitlinseppi@pvh.com,,,0,0,,,,PVH Corporation,Callie Pople,Control Union USA,,,,,,,,
calbright@chfindustries.com,,,0,0,,,,CHF Industries Inc,Callie Pople,Control Union USA,,,,,,,,
calfaro@shalomint.com,,,0,0,,,,Shalom International Corp.,Callie Pople,Control Union USA,,,,,,,,
callen@crescent-inc.com,,,0,0,,,,Crescent Sock Company,Callie Pople,Control Union USA,,,,,,,,
calvin.huelsman@elevatetextiles.com,,,2,2,,,,CONE DENIM LLC,Callie Pople,Control Union USA,,,,,,,,
carl.chan@zalando.de,,,0,0,,,,Zalando SE,Callie Pople,Control Union USA,,,,,,,,
carlos.zaldivar@averydennison.com,,,1,0,,,,Avery Dennison Corporation,Callie Pople,Control Union USA,,,,,,,,
carmen.chan2@tesco.com,,,0,0,,,,Tesco Stores Ltd,Callie Pople,Control Union USA,,,,,,,,
carol_shu@vfc.com,,,2,0,,,,"The North Face, A Division of VF Outdoor, LLC.",Callie Pople,Control Union USA,,,,,,,,
caroline.dugan@disney.com,,,1,0,,,,Disney,Callie Pople,Control Union USA,,,,,,,,
caroline@downdecor.com,,,1,0,,,,Ohio Feather Company,Callie Pople,Control Union USA,,,,,,,,
caroline@onceagainhome.com,,,0,0,,,,Creative Departure (dba Once Again Home Co.),Callie Pople,Control Union USA,,,,,,,,
caroline@sustainabledown.com,,,0,0,,,,"Down Home, dba Down Decor",Callie Pople,Control Union USA,,,,,,,,
carolm@hatley.com,,,0,0,,,,Hatley Little Blue House Inc.,Callie Pople,Control Union USA,,,,,,,,
carrie.freiman@thereformation.us,,,1,0,,,,Reformation/LYMI Inc.,Callie Pople,Control Union USA,,,,,,,,
carrie@thehoneypot.co,,,0,0,,,,The Honey Pot Company (DE) LLC,Callie Pople,Control Union USA,,,,,,,,
casey.thompson@exxel.com,,,0,0,,,,"Exxel Outdoors, LLC",Callie Pople,Control Union USA,,,,,,,,
cassidy.brandt@milliken.com,,,0,0,,,,Milliken & Company,Callie Pople,Control Union USA,,,,,,,,
catherine.fang@sunfiberllc.com,,,0,0,,,,Sun Fiber LLC,Callie Pople,Control Union USA,,,,,,,,
cayla@knickey.com,,,1,0,,,,529 LLC dba Subset,Callie Pople,Control Union USA,,,,,,,,
cayla@wearsubset.com,,,1,0,,,,529 LLC dba Subset,Callie Pople,Control Union USA,,,,,,,,
cazelby@costco.com,,,0,0,,,,Costco,Callie Pople,Control Union USA,,,,,,,,
cbranco@simons.ca,,,0,0,,,,La Maison Simons Inc.,Callie Pople,Control Union USA,,,,,,,,
ccalandrino@liberatedbrands.com,,,0,0,,,,Liberated-Spyder LLC,Callie Pople,Control Union USA,,,,,,,,
ccalandrino@volcom.com,,,0,0,,,,"Volcom, LLC",Callie Pople,Control Union USA,,,,,,,,
ccheng@onestepup.com,,,0,0,,,,One Step Up,Callie Pople,Control Union USA,,,,,,,,
ccicco@wpmv.com,,,0,0,,,,David Peyser Sportswear Inc.,Callie Pople,Control Union USA,,,,,,,,
cculbreath@guess.com,,,2,0,,,,"Guess?, Inc.",Callie Pople,Control Union USA,,,,,,,,
celeste.lilore@ecomtrading.com,,,3,0,,,,ECOM Cotton,Callie Pople,Control Union USA,,,,,,,,
cerian.atwell@marks-and-spencer.com,,,0,0,,,,Marks and Spencer,Nicolas B,Control Union Zwolle,,,,,,,,
certifications@csfibers.com,,,1,12,,,,"Custom Synthetic Fibers, LLC",Callie Pople,Control Union USA,,,,,,,,
certifications@parachutehome.com,,,0,0,,,,Parachute Home Inc.,Callie Pople,Control Union USA,,,,,,,,
cgross@liberatedbrands.com,,,0,0,,,,"Volcom, LLC",Callie Pople,Control Union USA,,,,,,,,
chandel.adam@taylormadegolf.com,,,0,0,,,,Taylor Made Golf Company,Callie Pople,Control Union USA,,,,,,,,
chandel.adam@taylormadesportinggoods.com,,,0,0,,,,Taylor Made Golf Company,Callie Pople,Control Union USA,,,,,,,,
chandi2454@yahoo.ca,,,0,0,,,,2230745 ONTARIO INC. OPERATING AS SLEEP DREAM MATTRESS,Callie Pople,Control Union USA,,,,,,,,
charles.chang@andari.com,,,0,0,,,,Andari Fashion Inc,Callie Pople,Control Union USA,,,,,,,,
charlie.fei@voice.no,,,0,0,,,,VOICE NORGE AS,Callie Pople,Control Union USA,,,,,,,,
chelsea.evans@rudholmgroup.com,,,0,0,,,,"RHG USA,LLC",Callie Pople,Control Union USA,,,,,,,,
chelsea.killman@saxxunderwear.com,,,0,0,,,,SAXX,Callie Pople,Control Union USA,,,,,,,,
chelsy.aguirre@coats.com,,,0,0,,,,"Coats America, Inc",Callie Pople,Control Union USA,,,,,,,,
cheryl.kunde@hannaandersson.com,,,0,0,,,,Hanna Andersson LLC,Callie Pople,Control Union USA,,,,,,,,
chiaki@lovevery.com,,,0,0,,,,"Lovevery, Inc.",Callie Pople,Control Union USA,,,,,,,,
choltzclaw@barnet.com,,,0,0,,,,"William Barnet & Son, LLC",Callie Pople,Control Union USA,,,,,,,,
chris.ryan@wilson.com,,,0,0,,,,"Wilson Sporting Goods, Co.",Callie Pople,Control Union USA,,,,,,,,
chris.souther@ros.com,,,0,0,,,,"Ross Stores, Inc.",Callie Pople,Control Union USA,,,,,,,,
chris.walker@target.com,,,1,0,,,,Target Corporation,Callie Pople,Control Union USA,,,,,,,,
chrissieosborn@gmail.com,,,2,0,,,,"Roselon Industries, Inc.",Callie Pople,Control Union USA,,,,,,,,
christie.campbell@mec.ca,,,0,0,,,,MEC Mountain Equipment Company Ltd.,Callie Pople,Control Union USA,,,,,,,,
christina.larson@nike.com,,,0,0,,,,"Nike, Inc.",Callie Pople,Control Union USA,,,,,,,,
christina.miles@tesco.com,,,0,0,,,,Tesco Stores Ltd,Callie Pople,Control Union USA,,,,,,,,
christina.sivills@burlington.com,,,2,0,,,,Burlington,Callie Pople,Control Union USA,,,,,,,,
christinacastle@shopdoen.com,,,1,0,,,,Communaute LLC.,Callie Pople,Control Union USA,,,,,,,,
christine.la@nike.com,,,0,0,,,,"Nike, Inc.",Callie Pople,Control Union USA,,,,,,,,
christine.mougios@brands-fashion.com,,,0,0,,,,Brands Fashion US Inc.,Callie Pople,Control Union USA,,,,,,,,
christoph.centmayer@hellyhansen.com,,,0,0,,,,Helly Hansen,Callie Pople,Control Union USA,,,,,,,,
christophe.dubes@toms.com,,,0,0,,,,Toms Shoes,Callie Pople,Control Union USA,,,,,,,,
christopher.langbein@jockey.com,,,0,0,,,,"Jockey International, Inc.",Callie Pople,Control Union USA,,,,,,,,
chunhua@spencersupports.com,,,1,0,,,,Domestic Converteres Inc. (Spencer Supports Canada Ltd.),Callie Pople,Control Union USA,,,,,,,,
cinzia.guccini@burberry.com,,,0,0,,,,Burberry,Callie Pople,Control Union USA,,,,,,,,
claire.kojaian@capriholdings.com,,,0,0,,,,Capri Holdings Limited,Callie Pople,Control Union USA,,,,,,,,
claireboland@pvh.com,,,0,0,,,,PVH Corporation,Callie Pople,Control Union USA,,,,,,,,
clare.boegel@capriholdings.com,,,0,0,,,,Capri Holdings Limited,Callie Pople,Control Union USA,,,,,,,,
clare.lindsey@pentland.com,,,0,0,,,,Pentland Group,Nicolas B,Control Union Zwolle,,,,,,,,
claudionei.penha@ros.com,,,0,0,,,,"Ross Stores, Inc.",Callie Pople,Control Union USA,,,,,,,,
clayton@softshirts.com,,,1,0,,,,"Soft Shirts, LLC",Callie Pople,Control Union USA,,,,,,,,
clecavalier@thekershehgroup.com,,,1,0,,,,Jelli fish Kids Inc.,Callie Pople,Control Union USA,,,,,,,,
clparker@caleres.com,,,0,0,,,,Vionic Group LLC.,Callie Pople,Control Union USA,,,,,,,,
cn-pg@kingkoon.com.tw,,,0,0,,,,"Lumi Importing, LTD",Callie Pople,Control Union USA,,,,,,,,
cndiaye@tncliving.com,,,0,0,,,,Town & Country Holdings Inc d/b/a Town and Country Living,Callie Pople,Control Union USA,,,,,,,,
colin.block@burlington.com,,,0,0,,,,Burlington,Callie Pople,Control Union USA,,,,,,,,
compliance2@rajgroup.in,,,2,0,,,,ZIG ZAG INC.,Callie Pople,Control Union USA,,,,,,,,
connie.wong@kiabiasia.com,,,0,0,,,,KIABI,Callie Pople,Control Union USA,,,,,,,,
connie@amtexyarns.com,,,0,0,,,,Amtex (YARN) Manufacturing Inc,Callie Pople,Control Union USA,,,,,,,,
contact@ucalingerie.com,,,0,0,,,,"UCALINGERIE, INC.",Callie Pople,Control Union USA,,,,,,,,
cooper@shsagoo.onmicrosoft.com,,,0,0,,,,Concord Apparel Canada Inc.,Callie Pople,Control Union USA,,,,,,,,
cora.shaw@mec.ca,,,0,0,,,,MEC Mountain Equipment Company Ltd.,Callie Pople,Control Union USA,,,,,,,,
courtenay.mchugh@nike.com,,,0,0,,,,"Nike, Inc.",Callie Pople,Control Union USA,,,,,,,,
courtney.hodges@ecomtrading.com,,,1,0,,,,ECOM Cotton,Callie Pople,Control Union USA,,,,,,,,
courtney@woolandcompany.com,,,0,0,,,,Destination Knitting LLC,Callie Pople,Control Union USA,,,,,,,,
cristina@clairebell.com,,,0,0,,,,Happy Kids Canada Inc.,Callie Pople,Control Union USA,,,,,,,,
cristina@luum.co,,,0,0,,,,The Conscious Home LLC,Callie Pople,Control Union USA,,,,,,,,
crystalzhang@pvh.com,,,0,0,,,,PVH Corporation,Callie Pople,Control Union USA,,,,,,,,
csimsa@ambercycle.com,,,0,0,,,,"Ambercycle, Inc.",Callie Pople,Control Union USA,,,,,,,,
cstaubli@coyuchi.com,,,0,0,,,,Coyuchi Inc.,Callie Pople,Control Union USA,,,,,,,,
cthody@vpcgroup.com,,,0,0,,,,VPC Group Inc.,Callie Pople,Control Union USA,,,,,,,,
cuneyt.alkan@hm.com,,,0,0,,,,H&M Group,Callie Pople,Control Union USA,,,,,,,,
cvelasquez@mdbmail.com,,,0,0,,,,Million Dollar Baby co.,Callie Pople,Control Union USA,,,,,,,,
cwebster@centricbrands.com,,,0,0,,,,Centric Brands,Callie Pople,Control Union USA,,,,,,,,
cwelsh@oldwestmattress.com,,,0,0,,,,Old West Mattress Company LLC,Callie Pople,Control Union USA,,,,,,,,
cwhite@trcc.com,,,0,0,,,,"Textile Rubber & Chemical Co., Inc.",Callie Pople,Control Union USA,,,,,,,,
cy@oceanworks.co,,,0,0,,,,"Oceanworks, Inc",Callie Pople,Control Union USA,,,,,,,,
cyrillaw@pvh.com,,,0,0,,,,PVH Corporation,Callie Pople,Control Union USA,,,,,,,,
dalyah@downdecor.com,,,1,2,,,,Ohio Feather Company,Callie Pople,Control Union USA,,,,,,,,
dalzz@toyocotton.com,,,0,0,,,,Toyo Cotton Co.,Callie Pople,Control Union USA,,,,,,,,
dan.anderson@jockey.com,,,0,0,,,,"Jockey International, Inc.",Callie Pople,Control Union USA,,,,,,,,
dan.wiffler@exxel.com,,,0,0,,,,"Exxel Outdoors, LLC",Callie Pople,Control Union USA,,,,,,,,
dan@ecofashioncorp.com,,,3,0,,,,"Ecofashion Corp S.P.C. DBA MARCI ZAROFF SUSTAINABLE BRANDS LLC, FARM TO HOME, YES AND, SEED TO STYLE, FARM TO FLIGHT.",Callie Pople,Control Union USA,,,,,,,,
daniel@matethelabel.com,,,0,0,,,,MATE the Label,Callie Pople,Control Union USA,,,,,,,,
daniela.diaz@elevatetextiles.com,,,0,0,,,,CONE DENIM LLC,Callie Pople,Control Union USA,,,,,,,,
danielguigui@gmail.com,,,0,0,,,,"Down Home, dba Down Decor",Callie Pople,Control Union USA,,,,,,,,
danielleansotigue@sanmar.com,,,2,0,,,,SanMar,Callie Pople,Control Union USA,,,,,,,,
danny@abstrade.com,,,0,0,,,,EVERGRACE HOME INC.,Callie Pople,Control Union USA,,,,,,,,
danny@robink.com,,,0,0,,,,CATWALK TO SIDEWALK,Callie Pople,Control Union USA,,,,,,,,
dave.schuttler@averydennison.com,,,0,0,,,,Avery Dennison Corporation,Callie Pople,Control Union USA,,,,,,,,
david.b.quistad@disney.com,,,0,0,,,,Disney,Callie Pople,Control Union USA,,,,,,,,
david.brozena@tempursealy.com,,,0,0,,,,Tempur Production USA LLC dba Mountain Top Foam,Callie Pople,Control Union USA,,,,,,,,
david@fantasia.com,,,0,0,,,,Fantasia Accessories Ltd,Callie Pople,Control Union USA,,,,,,,,
david@happsy.com,,,0,0,,,,HAPPSY,Callie Pople,Control Union USA,,,,,,,,
david@naturepedic.com,,,0,0,,,,"BAC Distributing, Inc. dba Naturepedic",Callie Pople,Control Union USA,,,,,,,,
davidpoon@talapparel.com,,,1,0,,,,TAL Apparel Limited,Callie Pople,Control Union USA,,,,,,,,
dawnb@ck.com,,,0,0,,,,PVH Corporation,Callie Pople,Control Union USA,,,,,,,,
dblair@chfindustries.com,,,0,0,,,,CHF Industries Inc,Callie Pople,Control Union USA,,,,,,,,
dbraden@liberatedbrands.com,,,0,0,,,,Liberated-Spyder LLC,Callie Pople,Control Union USA,,,,,,,,
dbraden@volcom.com,,,0,0,,,,"Volcom, LLC",Callie Pople,Control Union USA,,,,,,,,
dbrown@jsroyalhome.com,,,1,0,,,,JS Royal Home,Callie Pople,Control Union USA,,,,,,,,
dchang@fortuneswimwear.com,,,2,0,,,,Fortune Swimwear LLC,Callie Pople,Control Union USA,,,,,,,,
dcobb@fibrix.com,,,0,0,,,,Fibrix LLC,Callie Pople,Control Union USA,,,,,,,,
ddkeese@keesewool.com,,,0,0,,,,Keese International LLC.,Callie Pople,Control Union USA,,,,,,,,
ddyer@cuddledown.com,,,0,0,,,,"Cuddledown, Inc.",Callie Pople,Control Union USA,,,,,,,,
debasis.manna@walmart.com,,,0,0,,,,"WalMart, Inc",Callie Pople,Control Union USA,,,,,,,,
dedwards@omnicotton.com,,,2,0,,,,Omnicotton Inc,Callie Pople,Control Union USA,,,,,,,,
denise@daniadown.com,,,0,0,,,,Daniadown Quilts Ltd.,Callie Pople,Control Union USA,,,,,,,,
dennymcmahon@dkcompany.com,,,0,0,,,,DK Company A/S,Callie Pople,Control Union USA,,,,,,,,
derek.tomesh@target.com,,,0,0,,,,Target Corporation,Callie Pople,Control Union USA,,,,,,,,
devinpandolfo@stevemadden.com,,,0,0,,,,"Steven Madden, Ltd.",Callie Pople,Control Union USA,,,,,,,,
dforras@parachutehome.com,,,0,0,,,,Parachute Home Inc.,Callie Pople,Control Union USA,,,,,,,,
dfowles@sertasimmons.com,,,0,0,,,,Tuft & Needle,Callie Pople,Control Union USA,,,,,,,,
dganak@costco.com,,,0,0,,,,Costco,Callie Pople,Control Union USA,,,,,,,,
dgoldberg@shalomint.com,,,0,0,,,,Shalom International Corp.,Callie Pople,Control Union USA,,,,,,,,
diana.gnanamuthu@ros.com,,,0,0,,,,"Ross Stores, Inc.",Callie Pople,Control Union USA,,,,,,,,
dilys.woo@silkandsnow.com,,,0,0,,,,Silk & Snow Inc.,Callie Pople,Control Union USA,,,,,,,,
dipankar.bose@varner.com,,,2,0,,,,Varner AS,Callie Pople,Control Union USA,,,,,,,,
djwilliams@wsgc.com,,,0,0,,,,"Williams-Sonoma, Inc. HQ",Callie Pople,Control Union USA,,,,,,,,
dlong@ecomtrading.com,,,0,0,,,,ECOM Cotton,Callie Pople,Control Union USA,,,,,,,,
dorisyuanhq@frcchina.com,,,0,0,,,,LF Men’s Group LLC,Callie Pople,Control Union USA,,,,,,,,
dorte.olsen@bestseller.com,,,0,0,,,,Bestseller A/S,Callie Pople,Control Union USA,,,,,,,,
doug@zzincorporation.com,,,0,0,,,,ZIG ZAG INC.,Callie Pople,Control Union USA,,,,,,,,
dparr@verabradley.com,,,0,0,,,,Vera Bradley,Callie Pople,Control Union USA,,,,,,,,
drew.du.bois@disney.com,,,0,0,,,,Disney,Callie Pople,Control Union USA,,,,,,,,
drew.dubois@on-running.com,,,1,0,,,,On AG,Callie Pople,Control Union USA,,,,,,,,
drew@wearpact.com,,,0,0,,,,"Wear PACT, LLC",Callie Pople,Control Union USA,,,,,,,,
dsouzaf@welspunusa.com,,,1,2,,,,"Welspun USA, INC",Callie Pople,Control Union USA,,,,,,,,
dsteinmetz@centricbrands.com,,,0,0,,,,Centric Brands,Callie Pople,Control Union USA,,,,,,,,
dtellez@rei.com,,,0,0,,,,REI,Callie Pople,Control Union USA,,,,,,,,
duy.nguyen@srinc.us,,,0,0,,,,Synthetic Resources Inc.,Callie Pople,Control Union USA,,,,,,,,
dw@arvingoods.com,,,0,0,,,,"Arvin Goods Holdings, Inc dba ITC USA LLC",Callie Pople,Control Union USA,,,,,,,,
dwinters@happyearthapparel.com,,,3,0,,,,Happy Earth LLC,Callie Pople,Control Union USA,,,,,,,,
dwitt@lkeeco.com,,,0,0,,,,Keeco LLC,Callie Pople,Control Union USA,,,,,,,,
dwoodruff@verabradley.com,,,0,0,,,,Vera Bradley,Callie Pople,Control Union USA,,,,,,,,
dyk516@csstarlon.com,,,0,0,,,,CS America. Inc,Callie Pople,Control Union USA,,,,,,,,
dzhang@tncliving.com,,,0,0,,,,Town & Country Holdings Inc d/b/a Town and Country Living,Callie Pople,Control Union USA,,,,,,,,
e-bill@ardencompanies.com,,,0,0,,,,Arden Companies LLC,Callie Pople,Control Union USA,,,,,,,,
e.herrera@swisstex-es.com,,,0,0,,,,Swisstex Direct,Callie Pople,Control Union USA,,,,,,,,
eabercrombie@tapestry.com,,,0,0,,,,"Tapestry, Inc.",Callie Pople,Control Union USA,,,,,,,,
ebautista@imstradingusa.com,,,1,0,,,,IMS Trading LLC,Callie Pople,Control Union USA,,,,,,,,
ebesner@vpcgroup.com,,,0,0,,,,VPC Group Inc.,Callie Pople,Control Union USA,,,,,,,,
ecarroll@msyg.com,,,0,0,,,,Meridian Specialty Yarn Group Inc,Callie Pople,Control Union USA,,,,,,,,
echan@animaladventure.com,,,0,0,,,,"Animal Adventure, LLC",Callie Pople,Control Union USA,,,,,,,,
echao@spyder.com,,,0,0,,,,Liberated-Spyder LLC,Callie Pople,Control Union USA,,,,,,,,
echo@ambercycle.com,,,0,0,,,,"Ambercycle, Inc.",Callie Pople,Control Union USA,,,,,,,,
eday@victoria.com,,,0,0,,,,Victoria’s Secret & Company,Callie Pople,Control Union USA,,,,,,,,
eddie@greatchinaempire.com.hk,,,2,0,,,,GCE INTERNATIONAL INC.,Callie Pople,Control Union USA,,,,,,,,
edgar@fantasia.com,,,0,0,,,,Fantasia Accessories Ltd,Callie Pople,Control Union USA,,,,,,,,
edgarg@xbfulfillment.com,,,0,0,,,,"Wear PACT, LLC",Callie Pople,Control Union USA,,,,,,,,
edithzhou@lifung.com,,,2,0,,,,LF Men’s Group LLC,Callie Pople,Control Union USA,,,,,,,,
edmond.kong@mec.ca,,,0,0,,,,MEC Mountain Equipment Company Ltd.,Callie Pople,Control Union USA,,,,,,,,
edward@milkmenfoam.com,,,1,0,,,,MILKMEN LLC,Callie Pople,Control Union USA,,,,,,,,
efrondorf@carhartt.com,,,0,0,,,,"Carhartt, Inc.",Callie Pople,Control Union USA,,,,,,,,
egor@milkmenfoam.com,,,0,0,,,,MILKMEN LLC,Callie Pople,Control Union USA,,,,,,,,
egraham@carhartt.com,,,0,0,,,,"Carhartt, Inc.",Callie Pople,Control Union USA,,,,,,,,
ehatley@premierefibers.com,,,1,8,,,,"Premiere Fibers, LLC",Callie Pople,Control Union USA,,,,,,,,
ejohnson@prana.com,,,0,0,,,,PrAna Living LLC.,Callie Pople,Control Union USA,,,,,,,,
ekaterina.ivanova@kiabi.com,,,0,0,,,,KIABI,Callie Pople,Control Union USA,,,,,,,,
elaine@completeclothing.com,,,0,0,,,,Complete Clothing Company,Callie Pople,Control Union USA,,,,,,,,
elaine@concordapparel.ca,,,2,0,,,,Concord Apparel Canada Inc.,Callie Pople,Control Union USA,,,,,,,,
elee@shalomint.com,,,1,0,,,,Shalom International Corp.,Callie Pople,Control Union USA,,,,,,,,
elena.ferrari@ch.guess.eu,,,0,0,,,,"Guess?, Inc.",Callie Pople,Control Union USA,,,,,,,,
elena.pfarr@macys.com,,,2,0,,,,Macy's Inc.,Callie Pople,Control Union USA,,,,,,,,
elepri@teddy.it,,,7,2,,,,Teddy S.p.A,Callie Pople,Control Union USA,,,,,,,,
elise.farnum@macys.com,,,0,0,,,,Macy's Inc.,Callie Pople,Control Union USA,,,,,,,,
elsab@torgusa.com,,,0,0,,,,"The Outdoor Recreation Group Holdings, LLC",Callie Pople,Control Union USA,,,,,,,,
elutz@earthboundllc.com,,,0,0,,,,Portico Brands LLC,Callie Pople,Control Union USA,,,,,,,,
ely.battalen@gmail.com,,,1,0,,,,Old West Mattress Company LLC,Callie Pople,Control Union USA,,,,,,,,
emaranan@caleres.com,,,0,0,,,,Vionic Group LLC.,Callie Pople,Control Union USA,,,,,,,,
ematsuzawa@costco.com,,,0,0,,,,Costco,Callie Pople,Control Union USA,,,,,,,,
emilia.galaev@hm.com,,,2,0,,,,H&M Group,Callie Pople,Control Union USA,,,,,,,,
emily.bass@us.deltagalil.com,,,1,0,,,,Delta Galil USA Inc,Callie Pople,Control Union USA,,,,,,,,
emily.cichy@stanley1913.com,,,2,0,,,,PMI WW Brands LLC DBA Stanley,Callie Pople,Control Union USA,,,,,,,,
emily.martinez@toms.com,,,0,0,,,,Toms Shoes,Callie Pople,Control Union USA,,,,,,,,
emilyf@burton.com,,,1,8,,,,The Burton Corporation,Callie Pople,Control Union USA,,,,,,,,
emilygigot@sanmar.com,,,0,0,,,,SanMar,Callie Pople,Control Union USA,,,,,,,,
emilyj@fortuneswimwear.com,,,0,0,,,,Fortune Swimwear LLC,Callie Pople,Control Union USA,,,,,,,,
emma@pehr.com,,,1,0,,,,Pehr Designs,Callie Pople,Control Union USA,,,,,,,,
emockus@coyuchi.com,,,0,0,,,,Coyuchi Inc.,Callie Pople,Control Union USA,,,,,,,,
enasr@felinausa.com,,,0,0,,,,PIEGE CO,Callie Pople,Control Union USA,,,,,,,,
enid.li@toms.com,,,0,0,,,,Toms Shoes,Callie Pople,Control Union USA,,,,,,,,
environment@artisticmilliners.com,,,0,0,,,,Artistic Milliners,Callie Pople,Control Union USA,,,,,,,,
eraina.duffy@saxxunderwear.com,,,0,0,,,,SAXX,Callie Pople,Control Union USA,,,,,,,,
eric.johnson@conceptmanufacturing.com,,,0,0,,,,"AQUA STAR, INC.",Callie Pople,Control Union USA,,,,,,,,
eric@obeyclothing.com,,,0,0,,,,"One 3 Two, Inc. dba Obey Clothing",Callie Pople,Control Union USA,,,,,,,,
erik.opsahl@nike.com,,,0,0,,,,"Nike, Inc.",Callie Pople,Control Union USA,,,,,,,,
erika.enquist@primaloft.com,,,0,0,,,,PrimaLoft (Xiamen) Trading Co. Ltd.,Callie Pople,Control Union USA,,,,,,,,
erika@pehr.com,,,0,0,,,,Pehr Designs,Callie Pople,Control Union USA,,,,,,,,
erin.menor@eddiebauer.com,,,0,0,,,,Eddie Bauer LLC,Callie Pople,Control Union USA,,,,,,,,
erin@anodynewool.com,,,0,0,,,,Anodyne Wool Inc.,Callie Pople,Control Union USA,,,,,,,,
erin@dynamicfoamproducts.com,,,0,0,,,,Dynamic Foam Products Inc.,Callie Pople,Control Union USA,,,,,,,,
ersin@kb22.us,,,0,0,,,,"KB22, Inc.",Callie Pople,Control Union USA,,,,,,,,
erwin@greatchinaempire.com.cn,,,1,0,,,,GCE INTERNATIONAL INC.,Callie Pople,Control Union USA,,,,,,,,
eshalam@tncliving.com,,,0,0,,,,Town & Country Holdings Inc d/b/a Town and Country Living,Callie Pople,Control Union USA,,,,,,,,
eshamie@deltachildren.com,,,1,0,,,,Delta Enterprise Corp.,Callie Pople,Control Union USA,,,,,,,,
esolomon@londonlux.com,,,0,0,,,,London Luxury LLC,Callie Pople,Control Union USA,,,,,,,,
estefany.arias@ruggable.com,,,1,0,,,,Ruggable,Callie Pople,Control Union USA,,,,,,,,
eullger@msyg.com,,,0,0,,,,Meridian Specialty Yarn Group Inc,Callie Pople,Control Union USA,,,,,,,,
eunjoo@poscointl.com,,,0,0,,,,POSCO INTERNATIONAL AMERICA CORP.,Callie Pople,Control Union USA,,,,,,,,
evan@hyperlitemountaingear.com,,,0,0,,,,Hyperlite Mountain Gear,Callie Pople,Control Union USA,,,,,,,,
eyre.zhang@conceptmanufacturing.com,,,0,0,,,,"AQUA STAR, INC.",Callie Pople,Control Union USA,,,,,,,,
fabian.garcia@nike.com,,,0,0,,,,"Nike, Inc.",Callie Pople,Control Union USA,,,,,,,,
fabianvm@coghlans.com,,,0,0,,,,Coghlan's Ltd.,Callie Pople,Control Union USA,,,,,,,,
fakeyo@aritzia.com,,,0,0,,,,Aritzia LP,Callie Pople,Control Union USA,,,,,,,,
fanny@globalprosper.cn,,,0,0,,,,JV Apparel Corp.,Callie Pople,Control Union USA,,,,,,,,
farhanak@peerless-clothing.com,,,0,0,,,,Peerless Clothing International inc.,Callie Pople,Control Union USA,,,,,,,,
fedorrozenblat@stevemadden.com,,,0,0,,,,"Steven Madden, Ltd.",Callie Pople,Control Union USA,,,,,,,,
felix.kim@flexfit.com,,,3,0,,,,Flexfit LLC,Callie Pople,Control Union USA,,,,,,,,
fernanda.alvarez@skims.com,,,2,0,,,,SKIMS,Callie Pople,Control Union USA,,,,,,,,
fiona.y.huang@disney.com,,,0,0,,,,Disney,Callie Pople,Control Union USA,,,,,,,,
flfox2001@yahoo.com,,,0,0,,,,Sustainable Composites LLC,Callie Pople,Control Union USA,,,,,,,,
frances.oguntuga@nike.com,,,0,0,,,,"Nike, Inc.",Callie Pople,Control Union USA,,,,,,,,
frankiev@nesterhosiery.com,,,0,0,,,,"Nester Hosiery, LLC",Callie Pople,Control Union USA,,,,,,,,
fred.serven@adm.com,,,0,0,,,,"Southern Cellulose Products, Inc.",Callie Pople,Control Union USA,,,,,,,,
fugarte@cofaco.com,,,1,1,,,,Cofaco Industries S.A.C.,Callie Pople,Control Union USA,,,,,,,,
ga@jnspack.com,,,0,0,,,,J&S Packaging Inc,Callie Pople,Control Union USA,,,,,,,,
gabriel.mens@brooksrunning.com,,,0,0,,,,Brooks Running,Callie Pople,Control Union USA,,,,,,,,
gabriela.infante@underarmour.com,,,0,0,,,,Under Armour Global Sourcing Ltd,Callie Pople,Control Union USA,,,,,,,,
gabrielrle@us.inditex.com,,,0,0,,,,Industria de Diseno Textil (INDITEX),Callie Pople,Control Union USA,,,,,,,,
gallant@gallantintl.com,,,2,3,,,,Gallant International Inc,Callie Pople,Control Union USA,,,,,,,,
garrett.johnson@eastman.com,,,2,0,,,,Eastman,Callie Pople,Control Union USA,,,,,,,,
gaurav.agarwal@adityabirla.com,,,1,0,,,,Aditya Birla Fashion and Retail,Callie Pople,Control Union USA,,,,,,,,
gaurav.agrawal@hm.com,,,2,0,,,,H&M Group,Callie Pople,Control Union USA,,,,,,,,
gayathri@bearaby.com,,,0,0,,,,SOMNOS LLC (Brand name Bearaby),Callie Pople,Control Union USA,,,,,,,,
gblythe@bmtny.com,,,0,0,,,,BMT Commodity Corp,Callie Pople,Control Union USA,,,,,,,,
gcazares@torgusa.com,,,0,0,,,,"The Outdoor Recreation Group Holdings, LLC",Callie Pople,Control Union USA,,,,,,,,
gce@greatchinaempire.com.hk,,,6,0,,,,GCE INTERNATIONAL INC.,Callie Pople,Control Union USA,,,,,,,,
gen.schultz@nordstrom.com,,,0,0,,,,"Nordstrom, Inc",Callie Pople,Control Union USA,,,,,,,,
genaro.juarez@conedenim.com,,,0,0,,,,CONE DENIM LLC,Callie Pople,Control Union USA,,,,,,,,
geoffp@outdoorresearch.com,,,0,0,,,,Outdoor Research LLC.,Callie Pople,Control Union USA,,,,,,,,
george@avocadogreenbrands.com,,,0,0,,,,"Avocado Mattress, LLC",Callie Pople,Control Union USA,,,,,,,,
georgina.del.vecho@fenixoutdoor.com,,,0,0,,,,Royal Robbins LLC,Callie Pople,Control Union USA,,,,,,,,
gerbeth@suedwollegroup.de,,,1,0,,,,Suedwolle Group USA Inc.,Callie Pople,Control Union USA,,,,,,,,
ggausew@rei.com,,,0,0,,,,REI,Callie Pople,Control Union USA,,,,,,,,
gigi@sportek.com,,,0,0,,,,Sportek International,Callie Pople,Control Union USA,,,,,,,,
gina@swisstexdirect.com,,,0,0,,,,Swisstex Direct,Callie Pople,Control Union USA,,,,,,,,
gisella@indyeva.com,,,0,0,,,,Apropoz Distribution Inc.,Callie Pople,Control Union USA,,,,,,,,
glupercio@hybridapparel.com,,,5,8,,,,Hybrid Promotions LLC,Callie Pople,Control Union USA,,,,,,,,
gmckelvey@prsei.com,,,0,0,,,,"Plastic Recyclers Southeast, Inc.",Callie Pople,Control Union USA,,,,,,,,
gnguyen@aritzia.com,,,0,0,,,,Aritzia LP,Callie Pople,Control Union USA,,,,,,,,
gokul@zzincorporation.com,,,0,0,,,,ZIG ZAG INC.,Callie Pople,Control Union USA,,,,,,,,
goldieli@lifung.com,,,0,0,,,,LF Men’s Group LLC,Callie Pople,Control Union USA,,,,,,,,
golsen@costco.com,,,0,0,,,,Costco,Callie Pople,Control Union USA,,,,,,,,
gonzalo.pertile@madewell.com,,,0,0,,,,Madewell,Callie Pople,Control Union USA,,,,,,,,
grace.wang@exxel.com,,,2,0,,,,"Exxel Outdoors, LLC",Callie Pople,Control Union USA,,,,,,,,
grace@globalprosper.cn,,,1,0,,,,Jelli fish Kids Inc.,Callie Pople,Control Union USA,,,,,,,,
gracegrant@abstrade.com,,,0,0,,,,EVERGRACE HOME INC.,Callie Pople,Control Union USA,,,,,,,,
graham@nesterhosiery.com,,,0,0,,,,"Nester Hosiery, LLC",Callie Pople,Control Union USA,,,,,,,,
greta_humphrey@vfc.com,,,0,0,,,,"The North Face, A Division of VF Outdoor, LLC.",Callie Pople,Control Union USA,,,,,,,,
guillermo@bearaby.com,,,0,0,,,,SOMNOS LLC (Brand name Bearaby),Callie Pople,Control Union USA,,,,,,,,
gwhart@sureline.ca,,,1,0,,,,Sureline Mfg. Inc.,Callie Pople,Control Union USA,,,,,,,,
hailey.godwin@adm.com,,,0,0,,,,"Southern Cellulose Products, Inc.",Callie Pople,Control Union USA,,,,,,,,
haleymcmurray@sanmar.com,,,2,0,,,,SanMar,Callie Pople,Control Union USA,,,,,,,,
handan.celik@varner.com.tr,,,0,0,,,,Varner AS,Callie Pople,Control Union USA,,,,,,,,
handskang@me.com,,,0,0,,,,Sunny Marketing Systems Inc,Callie Pople,Control Union USA,,,,,,,,
hanna.cody@disney.com,,,0,0,,,,Disney,Callie Pople,Control Union USA,,,,,,,,
hanna@woolandcompany.com,,,0,0,,,,Destination Knitting LLC,Callie Pople,Control Union USA,,,,,,,,
hannah.blaseg@capriholdings.com,,,2,0,,,,Capri Holdings Limited,Callie Pople,Control Union USA,,,,,,,,
hannah.burns@newbalance.com,,,0,0,,,,New Balance Athletics,Callie Pople,Control Union USA,,,,,,,,
hannah.huffman@newellco.com,,,0,0,,,,"The Coleman Company, Inc.",Callie Pople,Control Union USA,,,,,,,,
harneet.kaur@nordstrom.com,,,0,0,,,,"Nordstrom, Inc",Callie Pople,Control Union USA,,,,,,,,
haynes@anodynewool.com,,,0,0,,,,Anodyne Wool Inc.,Callie Pople,Control Union USA,,,,,,,,
hbasnayake@aritzia.com,,,0,0,,,,Aritzia LP,Callie Pople,Control Union USA,,,,,,,,
hburnett@kentwool.com,,,1,0,,,,Kentwool Performance,Callie Pople,Control Union USA,,,,,,,,
hdaniel@kentwool.onmicrosoft.com,,,0,0,,,,Kentwool Performance,Callie Pople,Control Union USA,,,,,,,,
heatherg@safdieco.com,,,0,0,,,,Safdie & Co. Inc,Callie Pople,Control Union USA,,,,,,,,
hector@completeclothing.com,,,1,0,,,,Complete Clothing Company,Callie Pople,Control Union USA,,,,,,,,
heidi.minor@americanwoolen.com,,,0,0,,,,"American Woolen Company, Inc.",Callie Pople,Control Union USA,,,,,,,,
heidi@jeridan.ca,,,0,0,,,,Jeridan Inc.,Callie Pople,Control Union USA,,,,,,,,
helen@abstrade.com,,,7,0,,,,EVERGRACE HOME INC.,Callie Pople,Control Union USA,,,,,,,,
helen@csstarlon.com,,,0,0,,,,CS America. Inc,Callie Pople,Control Union USA,,,,,,,,
helen_astaire@labelonline.co.uk,,,0,0,,,,Next Retail Ltd,Callie Pople,Control Union USA,,,,,,,,
helena.aranda@mango.com,,,0,0,,,,"Mango MNG, S.A.",Callie Pople,Control Union USA,,,,,,,,
hello@alusahome.com,,,0,0,,,,"TGM Brands, Inc. DBA Alusa Home",Callie Pople,Control Union USA,,,,,,,,
hello@surespun.com,,,4,0,,,,"SureSpun, LLC",Callie Pople,Control Union USA,,,,,,,,
hendrik.lohkemper@brands-fashion.com,,,0,0,,,,Brands Fashion US Inc.,Callie Pople,Control Union USA,,,,,,,,
henry@ebiinternational.com,,,0,0,,,,EBI Fabrics Corporation,Callie Pople,Control Union USA,,,,,,,,
henry@shopwvn.com,,,0,0,,,,"WVN, Inc. (Synergy Organic Clothing Inc.)",Callie Pople,Control Union USA,,,,,,,,
herbst@suedwollegroup.de,,,0,0,,,,Sudwolle Group,Demiral Ikram,Peterson Solutions,,,,,,,,
heya-h@teijin-frontier.com,,,0,0,,,,"Teijin Frontier (U.S.A), Inc.",Callie Pople,Control Union USA,,,,,,,,
hfarhat@levi.com,,,0,0,,,,Levi Strauss & Co.,Callie Pople,Control Union USA,,,,,,,,
hlu@unisyncgroup.com,,,0,0,,,,UNISYNC GROUP LIMITED,Callie Pople,Control Union USA,,,,,,,,
hnaz@rawloveorganix.com,,,0,0,,,,RAWLOVE ORGANIX INC,Callie Pople,Control Union USA,,,,,,,,
hpark@32degrees.com,,,0,0,,,,David Peyser Sportswear Inc.,Callie Pople,Control Union USA,,,,,,,,
hr1@jnspack.com,,,0,0,,,,J&S Packaging Inc,Callie Pople,Control Union USA,,,,,,,,
hr@canadagoose.com,,,0,0,,,,Canada Goose Inc.,Callie Pople,Control Union USA,,,,,,,,
hr@csfibers.com,,,1,12,,,,"Custom Synthetic Fibers, LLC",Callie Pople,Control Union USA,,,,,,,,
hreichel@centricbrands.com,,,2,0,,,,Centric Brands,Callie Pople,Control Union USA,,,,,,,,
hrizwan@childrensplace.com,,,0,0,,,,The Children's Place,Callie Pople,Control Union USA,,,,,,,,
hsharma2@levi.com,,,0,0,,,,Levi Strauss & Co.,Callie Pople,Control Union USA,,,,,,,,
htallott@zenterawool.com,,,0,0,,,,Zentera Wool,Demiral Ikram,Peterson Solutions,,,,,,,,
huangw@gceint.com,,,0,0,,,,GCE INTERNATIONAL INC.,Callie Pople,Control Union USA,,,,,,,,
hushbabyteam@gmail.com,,,0,0,,,,Hush Baby LLC,Callie Pople,Control Union USA,,,,,,,,
hutt@outdoorresearch.com,,,0,0,,,,Outdoor Research LLC.,Callie Pople,Control Union USA,,,,,,,,
hwigell@calderontextiles.com,,,0,0,,,,Calderon Textiles,Callie Pople,Control Union USA,,,,,,,,
hzhou@rei.com,,,0,0,,,,REI,Callie Pople,Control Union USA,,,,,,,,
iapter@eileenfisher.com,,,0,0,,,,Eileen Fisher Inc.,Callie Pople,Control Union USA,,,,,,,,
ilona.wang@andari.com,,,0,0,,,,Andari Fashion Inc,Callie Pople,Control Union USA,,,,,,,,
imasood@chfindustries.com.pk,,,0,0,,,,CHF Industries Inc,Callie Pople,Control Union USA,,,,,,,,
info@arus.com,,,0,0,,,,"Arus Marketing, Inc.",Callie Pople,Control Union USA,,,,,,,,
info@earthangelapparel.com,,,0,0,,,,"Earth Angel Apparel, LLC",Callie Pople,Control Union USA,,,,,,,,
info@wearsponsible.com,,,0,0,,,,WEARSPONSIBLE INC.,Callie Pople,Control Union USA,,,,,,,,
invoice@lus.costs.invoice.schwarz,,,0,0,,,,Lidl US LLC,Callie Pople,Control Union USA,,,,,,,,
iriswu@nalc.npcam.com,,,0,0,,,,"NAN YA PLASTICS CORPORATION, AMERICA",Callie Pople,Control Union USA,,,,,,,,
isaac@babyktan.com,,,0,0,,,,Baby K'tan,Callie Pople,Control Union USA,,,,,,,,
isabelle.tchen@stanleystella.com,,,0,0,,,,Stanley Stella Inc.,Callie Pople,Control Union USA,,,,,,,,
issong@csstarlon.com,,,0,0,,,,CS America. Inc,Callie Pople,Control Union USA,,,,,,,,
itjoo@csstarlon.com,,,0,0,,,,CS America. Inc,Callie Pople,Control Union USA,,,,,,,,
jack.ohanian@lglogistics.com.au,,,0,0,,,,"American Wool Services, Inc",Callie Pople,Control Union USA,,,,,,,,
jack@myessentia.com,,,1,0,,,,Organic Exchange Inc.,Callie Pople,Control Union USA,,,,,,,,
jackson.chuang@srinc.us,,,0,0,,,,Synthetic Resources Inc.,Callie Pople,Control Union USA,,,,,,,,
jaclynp@ufandd.com,,,0,0,,,,United Feather & Down LLC.,Callie Pople,Control Union USA,,,,,,,,
jacob.long@americanwoolen.com,,,0,0,,,,"American Woolen Company, Inc.",Callie Pople,Control Union USA,,,,,,,,
jacob.m@jordanmanufacturing.com,,,0,0,,,,Jordan Manufacturing Company Inc.,Callie Pople,Control Union USA,,,,,,,,
jaffer@commerzilla.com,,,0,0,,,,Commerzilla LLC,Callie Pople,Control Union USA,,,,,,,,
jafox911@outlook.com,,,0,0,,,,Sustainable Composites LLC,Callie Pople,Control Union USA,,,,,,,,
jake.henstrom@calvinklein.com,,,0,0,,,,PVH Corporation,Callie Pople,Control Union USA,,,,,,,,
jallen@crescent-inc.com,,,0,0,,,,Crescent Sock Company,Callie Pople,Control Union USA,,,,,,,,
james.bowman@eddiebauer.com,,,0,0,,,,Eddie Bauer LLC,Callie Pople,Control Union USA,,,,,,,,
james.williams@tempursealy.com,,,0,0,,,,Tempur Production USA LLC dba Mountain Top Foam,Callie Pople,Control Union USA,,,,,,,,
jami.franceschi@burlington.com,,,2,0,,,,Burlington,Callie Pople,Control Union USA,,,,,,,,
jamie.vandusen@macys.com,,,0,0,,,,Macy's Inc.,Callie Pople,Control Union USA,,,,,,,,
jamirtharaj@premierefibers.com,,,2,12,,,,"Premiere Fibers, LLC",Callie Pople,Control Union USA,,,,,,,,
jan.k.mcintyre@nordstrom.com,,,0,0,,,,"Nordstrom, Inc",Callie Pople,Control Union USA,,,,,,,,
jana.zilich@brands-fashion.com,,,0,0,,,,Brands Fashion US Inc.,Callie Pople,Control Union USA,,,,,,,,
janhavi@obasan.com,,,1,0,,,,Obasan Limited,Callie Pople,Control Union USA,,,,,,,,
janice@grandhuge.com,,,1,0,,,,Nanjing USA,Callie Pople,Control Union USA,,,,,,,,
janie@softshirts.com,,,0,0,,,,"Soft Shirts, LLC",Callie Pople,Control Union USA,,,,,,,,
janine.rubino@macys.com,,,0,0,,,,Macy's Inc.,Callie Pople,Control Union USA,,,,,,,,
jannett.montoya@taylor.com,,,2,0,,,,Taylor Corporation,Callie Pople,Control Union USA,,,,,,,,
jany.zhu@primaloft.com,,,0,0,,,,"PrimaLoft, Inc.",Callie Pople,Control Union USA,,,,,,,,
jared.baucke@nike.com,,,0,0,,,,"Nike, Inc.",Callie Pople,Control Union USA,,,,,,,,
jasmindruffner@pvh.com,,,0,0,,,,PVH Corporation,Callie Pople,Control Union USA,,,,,,,,
jasmineuong1@pvh.com,,,0,0,,,,PVH Corporation,Callie Pople,Control Union USA,,,,,,,,
jason.bannowsky@amwpi.com,,,0,0,,,,"Wool Partners, Inc",Callie Pople,Control Union USA,,,,,,,,
jason.keller@eastman.com,,,0,0,,,,Eastman,Callie Pople,Control Union USA,,,,,,,,
jason@jnspack.com,,,0,0,,,,J&S Packaging Inc,Callie Pople,Control Union USA,,,,,,,,
jason@mifasia.com,,,0,0,,,,"Rylee + Cru, Inc. DBA Quincy Mae",Callie Pople,Control Union USA,,,,,,,,
jason@soaringheart.com,,,0,0,,,,SLEEPY SHEEP LLC dba Soaring Heart Natural Bed Company,Callie Pople,Control Union USA,,,,,,,,
javier.landazuri@textildelvalle.pe,,,0,0,,,,TEXTILE DEL VALLE S.A. BIC,Callie Pople,Control Union USA,,,,,,,,
javier.trocoli@recoverfiber.com,,,0,0,,,,Recover Textile Systems S.L.,Callie Pople,Control Union USA,,,,,,,,
jay@2guysand1.com,,,0,0,,,,"Organic Generation, Inc.",Callie Pople,Control Union USA,,,,,,,,
jbader@omimattress.com,,,0,0,,,,"Organic Mattresses, Inc. dba Lifekind",Callie Pople,Control Union USA,,,,,,,,
jbattenfield@injinji.com,,,0,0,,,,"Injinji, Inc.",Callie Pople,Control Union USA,,,,,,,,
jboggs@kentwool.com,,,1,0,,,,Kentwool Yarn,Callie Pople,Control Union USA,,,,,,,,
jcarlitz@biasleep.com,,,0,0,,,,"Bedding Industries of America , LLC.",Callie Pople,Control Union USA,,,,,,,,
jchang@32degrees.com,,,0,0,,,,David Peyser Sportswear Inc.,Callie Pople,Control Union USA,,,,,,,,
jchung@dandeeint.com,,,0,0,,,,DAN DEE INTERNATIONAL LLC,Callie Pople,Control Union USA,,,,,,,,
jcrofton@coyuchi.com,,,0,0,,,,Coyuchi Inc.,Callie Pople,Control Union USA,,,,,,,,
jdanze@jsroyalhome.com,,,1,0,,,,JS Royal Home,Callie Pople,Control Union USA,,,,,,,,
jdelrosario@roadrunnersports.com,,,1,0,,,,Road Runner Sports,Callie Pople,Control Union USA,,,,,,,,
jdibartolo@chfindustries.com,,,0,0,,,,CHF Industries Inc,Callie Pople,Control Union USA,,,,,,,,
jdonohue@toryburch.com,,,0,0,,,,"Tory Burch, LLC",Callie Pople,Control Union USA,,,,,,,,
jean.shein@uniqlo-usa.com,,,0,0,,,,"UNIQLO USA, LLC",Callie Pople,Control Union USA,,,,,,,,
jean.t.hegedus@lycra.com,,,0,0,,,,The LYCRA Company,Callie Pople,Control Union USA,,,,,,,,
jeanne@shanikowoolcompany.com,,,2,0,,,,Shaniko Wool Company LLC,Callie Pople,Control Union USA,,,,,,,,
jeannie_renne-malone@vfc.com,,,0,0,,,,VF Corporation / The North Face,Callie Pople,Control Union USA,,,,,,,,
jeetendra.shelatkar@spanx.com,,,0,0,,,,Spanx,Callie Pople,Control Union USA,,,,,,,,
jeff.eisentrout@integratedglobalservices.com,,,0,0,,,,INDO COUNT GLOBAL INC,Callie Pople,Control Union USA,,,,,,,,
jeff.stein@fotlinc.com,,,0,0,,,,Fruit of the Loom,Callie Pople,Control Union USA,,,,,,,,
jeff.strahan@milliken.com,,,1,0,,,,Milliken & Company,Callie Pople,Control Union USA,,,,,,,,
jeffery.tan@taylor.com,,,0,0,,,,Taylor Corporation,Callie Pople,Control Union USA,,,,,,,,
jeffrey.ward4@reju.com,,,2,0,,,,Reju,Callie Pople,Control Union USA,,,,,,,,
jeffrey.ye@primaloft.com,,,0,0,,,,PrimaLoft (Xiamen) Trading Co. Ltd.,Callie Pople,Control Union USA,,,,,,,,
jeffrey@myessentia.com,,,0,0,,,,Organic Exchange Inc.,Callie Pople,Control Union USA,,,,,,,,
jeffreyrodriguez@tridentindia.com,,,0,0,,,,Trident Global Inc,Callie Pople,Control Union USA,,,,,,,,
jeffwelch@costco.com,,,0,0,,,,Costco,Callie Pople,Control Union USA,,,,,,,,
jennifer.radulski@eddiebauer.com,,,0,0,,,,Eddie Bauer LLC,Callie Pople,Control Union USA,,,,,,,,
jennifer.saiki@nike.com,,,0,0,,,,"Nike, Inc.",Callie Pople,Control Union USA,,,,,,,,
jennifer@csstarlon.com,,,0,0,,,,CS America. Inc,Callie Pople,Control Union USA,,,,,,,,
jenny.huynh@aloyoga.com,,,1,0,,,,ALO,Callie Pople,Control Union USA,,,,,,,,
jenny@abstrade.com,,,1,0,,,,EVERGRACE HOME INC.,Callie Pople,Control Union USA,,,,,,,,
jenny@greatchinaempire.com.hk,,,2,0,,,,GCE INTERNATIONAL INC.,Callie Pople,Control Union USA,,,,,,,,
jerry.peng@exxel.com,,,0,0,,,,"Exxel Outdoors, LLC",Callie Pople,Control Union USA,,,,,,,,
jesse.chan@dandeeint.com,,,0,0,,,,DAN DEE INTERNATIONAL LLC,Callie Pople,Control Union USA,,,,,,,,
jessica.cho@getrael.com,,,0,0,,,,"Rael, Inc.",Callie Pople,Control Union USA,,,,,,,,
jessica.foust@nike.com,,,0,0,,,,"Nike, Inc.",Callie Pople,Control Union USA,,,,,,,,
jessica.jiang@lglogistics.com.au,,,0,0,,,,"American Wool Services, Inc",Callie Pople,Control Union USA,,,,,,,,
jessica@aquariusltd.com,,,0,0,,,,H3 Sportgear LLC,Callie Pople,Control Union USA,,,,,,,,
jessica_miller_webster@vfc.com,,,0,0,,,,VF Corporation / The North Face,Callie Pople,Control Union USA,,,,,,,,
jessicaf@signalbrands.com,,,0,0,,,,"Signal Products, Inc.",Callie Pople,Control Union USA,,,,,,,,
jessie.fisher@target.com,,,0,0,,,,Target Corporation,Callie Pople,Control Union USA,,,,,,,,
jfarkas@shalomint.com,,,0,0,,,,Shalom International Corp.,Callie Pople,Control Union USA,,,,,,,,
jfaulkner@premierefibers.com,,,1,8,,,,"Premiere Fibers, LLC",Callie Pople,Control Union USA,,,,,,,,
jferdinand@kentwool.com,,,0,0,,,,Kentwool Performance,Callie Pople,Control Union USA,,,,,,,,
jfinley@barnet.com,,,1,0,,,,"William Barnet & Son, LLC",Callie Pople,Control Union USA,,,,,,,,
jfitzpatrick@canadagoose.com,,,1,0,,,,Canada Goose Inc.,Callie Pople,Control Union USA,,,,,,,,
jfogle@verabradley.com,,,0,0,,,,Vera Bradley,Callie Pople,Control Union USA,,,,,,,,
jfrazier@beverlyknits.com,,,0,0,,,,Beverly Knits,Callie Pople,Control Union USA,,,,,,,,
jgootman@toryburch.com,,,0,0,,,,"Tory Burch, LLC",Callie Pople,Control Union USA,,,,,,,,
jgrant@ardencompanies.com,,,1,0,,,,Arden Companies LLC,Callie Pople,Control Union USA,,,,,,,,
jgretton@wlgore.com,,,6,3,,,,W.L. Gore & Associates,Callie Pople,Control Union USA,,,,,,,,
jherbert@dunawayyarns.com,,,0,0,,,,"Dunaway Yarns, Inc.",Callie Pople,Control Union USA,,,,,,,,
jhorvatits@fibrix.com,,,0,0,,,,Fibrix LLC,Callie Pople,Control Union USA,,,,,,,,
jhovis@msyg.com,,,0,0,,,,Meridian Specialty Yarn Group Inc,Callie Pople,Control Union USA,,,,,,,,
jhs@savvyrest.com,,,2,0,,,,"Savvy Rest, Inc.",Callie Pople,Control Union USA,,,,,,,,
jhuang@lzdgroup.com,,,0,0,,,,"Lucky Zone Design Group, LLC",Callie Pople,Control Union USA,,,,,,,,
jianan@everplush.com,,,2,0,,,,"Tricol Clean, Inc.",Callie Pople,Control Union USA,,,,,,,,
jim.plappert@vipproducts-corp.com,,,1,0,,,,VIP Products Corp.,Callie Pople,Control Union USA,,,,,,,,
jim@crossplainstrading.com,,,1,0,,,,Cross Plains Trading Co.,Callie Pople,Control Union USA,,,,,,,,
jimliu@nalc.npcam.com,,,0,0,,,,"NAN YA PLASTICS CORPORATION, AMERICA",Callie Pople,Control Union USA,,,,,,,,
jinchoi@canadagoose.com,,,0,0,,,,Canada Goose Inc.,Callie Pople,Control Union USA,,,,,,,,
jiten.patel@nike.com,,,0,0,,,,"Nike, Inc.",Callie Pople,Control Union USA,,,,,,,,
jitendra.bhuyan@hm.com,,,2,2,,,,H&M Group,Callie Pople,Control Union USA,,,,,,,,
jjost@aquariusltd.com,,,1,0,,,,AQUARIUS LTD,Callie Pople,Control Union USA,,,,,,,,
jjost@h3sportgear.com,,,0,0,,,,H3 Sportgear LLC,Callie Pople,Control Union USA,,,,,,,,
jkass@llbean.com,,,0,0,,,,L.L. Bean,Callie Pople,Control Union USA,,,,,,,,
jkirstein@safdieco.com,,,1,0,,,,Safdie & Co. Inc,Callie Pople,Control Union USA,,,,,,,,
jkirwin@aritzia.com,,,0,0,,,,Aritzia LP,Callie Pople,Control Union USA,,,,,,,,
jknapp@darntough.com,,,0,0,,,,Cabot Hosiery Mills/ Darn Tough Vermont,Callie Pople,Control Union USA,,,,,,,,
jlenhart@uspagl.com,,,0,0,,,,U.S. Polo Assn.,Callie Pople,Control Union USA,,,,,,,,
jmolloy@fanatics.com,,,0,0,,,,"Fanatics Apparel, LLC",Callie Pople,Control Union USA,,,,,,,,
jmorga28@jcp.com,,,0,0,,,,JC Penny,Callie Pople,Control Union USA,,,,,,,,
jmorga28@jcpenney.com,,,0,0,,,,JC Penny,Callie Pople,Control Union USA,,,,,,,,
joan.leung@ap.averydennison.com,,,2,0,,,,Avery Dennison Corporation,Callie Pople,Control Union USA,,,,,,,,
joanne.steinbauer@royalrobbins.com,,,0,0,,,,Royal Robbins LLC,Callie Pople,Control Union USA,,,,,,,,
joanne@flexfit.com,,,2,0,,,,Flexfit LLC,Callie Pople,Control Union USA,,,,,,,,
jocchiogrosso@bmtny.com,,,0,0,,,,BMT Commodity Corp,Callie Pople,Control Union USA,,,,,,,,
johanna@nanjingusa.com,,,0,0,,,,Nanjing USA,Callie Pople,Control Union USA,,,,,,,,
john.fuller@nike.com,,,0,0,,,,"Nike, Inc.",Callie Pople,Control Union USA,,,,,,,,
john.moraes@vuori.com,,,0,0,,,,"Vuori, Inc.",Callie Pople,Control Union USA,,,,,,,,
john.schultz@lidl.us,,,0,0,,,,Lidl US LLC,Callie Pople,Control Union USA,,,,,,,,
john.tansey@lovevery.com,,,1,0,,,,"Lovevery, Inc.",Callie Pople,Control Union USA,,,,,,,,
john@crossplainstrading.com,,,0,0,,,,Cross Plains Trading Co.,Callie Pople,Control Union USA,,,,,,,,
johnchang@vft.com,,,0,0,,,,American Nonwovens Inc,Callie Pople,Control Union USA,,,,,,,,
johnj@flexfit.com,,,2,0,,,,Flexfit LLC,Callie Pople,Control Union USA,,,,,,,,
johnk3@me.com,,,0,0,,,,Sunny Marketing Systems Inc,Callie Pople,Control Union USA,,,,,,,,
jolene.a@blueridgehome.com,,,0,0,,,,"Blue Ridge Home Fashions, Inc.",Callie Pople,Control Union USA,,,,,,,,
jon.minehardt@primaloft.com,,,0,0,,,,PrimaLoft (Xiamen) Trading Co. Ltd.,Callie Pople,Control Union USA,,,,,,,,
jonathan@carrygear.com,,,0,0,,,,"Carry Gear Solutions, LLC",Callie Pople,Control Union USA,,,,,,,,
joonkang@csstarlon.com,,,0,0,,,,CS America. Inc,Callie Pople,Control Union USA,,,,,,,,
jordan.brewster@kontoorbrands.com,,,0,0,,,,Kontoor Brands,Callie Pople,Control Union USA,,,,,,,,
jordan.legendre@imperialapparel.com,,,3,0,,,,Imperial Apparel Group Inc.,Callie Pople,Control Union USA,,,,,,,,
jordyn@downdecor.com,,,0,0,,,,"Down Home, dba Down Decor",Callie Pople,Control Union USA,,,,,,,,
josh@prsei.com,,,0,0,,,,"Plastic Recyclers Southeast, Inc.",Callie Pople,Control Union USA,,,,,,,,
joshlunbeck@spyder.com,,,0,0,,,,Liberated-Spyder LLC,Callie Pople,Control Union USA,,,,,,,,
jovan.phillips@lycra.com,,,0,0,,,,The LYCRA Company,Callie Pople,Control Union USA,,,,,,,,
jovel.alvarez@svepol.com,,,0,0,,,,SVEPOL AMERICAS INC.,Callie Pople,Control Union USA,,,,,,,,
jpellot@catalystcreativegroup.com,,,2,0,,,,Catalyst Creative LLC,Callie Pople,Control Union USA,,,,,,,,
jpoer@caleres.com,,,0,0,,,,Vionic Group LLC.,Callie Pople,Control Union USA,,,,,,,,
jroode@cuddledown.com,,,0,0,,,,"Cuddledown, Inc.",Callie Pople,Control Union USA,,,,,,,,
jrose@echodesign.com,,,1,8,,,,The Echo Design Group,Callie Pople,Control Union USA,,,,,,,,
jrosenthal@4moms.com,,,0,0,,,,Thorley Industries LLC d.b.a. 4moms,Callie Pople,Control Union USA,,,,,,,,
jsato@spanx.com,,,0,0,,,,Spanx,Callie Pople,Control Union USA,,,,,,,,
jsellers@underarmour.com,,,0,0,,,,Under Armour Global Sourcing Ltd,Callie Pople,Control Union USA,,,,,,,,
jsheil@aritzia.com,,,0,0,,,,Aritzia LP,Callie Pople,Control Union USA,,,,,,,,
jsuttles@fibrix.com,,,0,0,,,,Fibrix LLC,Callie Pople,Control Union USA,,,,,,,,
juan.diaz@avocadogreenbrands.com,,,2,0,,,,"Brentwood Home, LLC",Callie Pople,Control Union USA,,,,,,,,
judychang@vft.com,,,0,0,,,,American Nonwovens Inc,Callie Pople,Control Union USA,,,,,,,,
julia.capune@armedangels.com,,,1,0,,,,Armed Angels,Demiral Ikram,Peterson Solutions,,,,,,,,
julia.feldman@deckers.com,,,1,0,,,,Deckers Brands,Callie Pople,Control Union USA,,,,,,,,
julia_barry@vfc.com,,,0,0,,,,VF Corporation / The North Face,Callie Pople,Control Union USA,,,,,,,,
julian_lings@vfc.com,,,0,0,,,,"The North Face, A Division of VF Outdoor, LLC.",Callie Pople,Control Union USA,,,,,,,,
juliana.collamer@nike.com,,,0,0,,,,"Nike, Inc.",Callie Pople,Control Union USA,,,,,,,,
juliana.ozur@deckers.com,,,0,0,,,,Deckers Brands,Callie Pople,Control Union USA,,,,,,,,
julias@carrygear.com,,,1,0,,,,"Carry Gear Solutions, LLC",Callie Pople,Control Union USA,,,,,,,,
julie.ewald@hannaandersson.com,,,0,0,,,,Hanna Andersson LLC,Callie Pople,Control Union USA,,,,,,,,
julie.seel@wphome.com,,,0,0,,,,WestPoint Home LLC,Callie Pople,Control Union USA,,,,,,,,
julie.vennewitz-pierce@ros.com,,,0,0,,,,"Ross Stores, Inc.",Callie Pople,Control Union USA,,,,,,,,
juretsky@alliedfeather.net,,,1,0,,,,Allied Home LLC,Callie Pople,Control Union USA,,,,,,,,
justin.to@deckers.com,,,0,0,,,,Deckers Brands,Callie Pople,Control Union USA,,,,,,,,
justin@bernetintl.com,,,0,0,,,,"Bernet International Trading, LLC",Callie Pople,Control Union USA,,,,,,,,
jvantgro@wlgore.com,,,0,0,,,,W.L. Gore & Associates,Callie Pople,Control Union USA,,,,,,,,
jverma@chfindustries.com,,,0,0,,,,CHF Industries Inc,Callie Pople,Control Union USA,,,,,,,,
jweaver@underarmour.com,,,0,0,,,,Under Armour Global Sourcing Ltd,Callie Pople,Control Union USA,,,,,,,,
jyoo@hybridapparel.com,,,1,8,,,,Hybrid Promotions LLC,Callie Pople,Control Union USA,,,,,,,,
jzimmerman@downdecor.com,,,0,0,,,,"Down Home, dba Down Decor",Callie Pople,Control Union USA,,,,,,,,
k.manda@lenzing.com,,,0,0,,,,Lenzing Fibers,Callie Pople,Control Union USA,,,,,,,,
k.zimmermann@lenzing.com,,,0,0,,,,Lenzing Fibers,Callie Pople,Control Union USA,,,,,,,,
kacie.geter@spanx.com,,,0,0,,,,Spanx,Callie Pople,Control Union USA,,,,,,,,
kaja.gresko@varner.com,,,2,0,,,,Varner AS,Callie Pople,Control Union USA,,,,,,,,
kaplanv@gceint.com,,,0,0,,,,GCE INTERNATIONAL INC.,Callie Pople,Control Union USA,,,,,,,,
kara.brody@adidas.com,,,0,0,,,,adidas AG,Callie Pople,Control Union USA,,,,,,,,
kara.jones@nike.com,,,0,0,,,,"Nike, Inc.",Callie Pople,Control Union USA,,,,,,,,
kara_tripp@craftsamericana.com,,,0,0,,,,"Crafts Group, LLC",Callie Pople,Control Union USA,,,,,,,,
karie.j.ford@lycra.com,,,0,0,,,,The LYCRA Company,Callie Pople,Control Union USA,,,,,,,,
karinak@ntdapparel.com,,,0,0,,,,NTD Apparel Inc,Callie Pople,Control Union USA,,,,,,,,
karlab@carrygear.com,,,0,0,,,,"Carry Gear Solutions, LLC",Callie Pople,Control Union USA,,,,,,,,
karlea.ong@srinc.us,,,0,0,,,,Synthetic Resources Inc.,Callie Pople,Control Union USA,,,,,,,,
katharina.heye@tchibo.de,,,0,0,,,,Tchibo GmbH,Callie Pople,Control Union USA,,,,,,,,
katherine.chappuis@nordstrom.com,,,0,0,,,,"Nordstrom, Inc",Callie Pople,Control Union USA,,,,,,,,
kathleen.davis@ruggable.com,,,0,0,,,,Ruggable,Callie Pople,Control Union USA,,,,,,,,
kathleen.talbot@thereformation.com,,,1,0,,,,Reformation/LYMI Inc.,Callie Pople,Control Union USA,,,,,,,,
kathleenferraro@lifung.com,,,0,0,,,,LF Men’s Group LLC,Callie Pople,Control Union USA,,,,,,,,
kathryn.lukey@arcteryx.com,,,0,0,,,,Arc'teryx Equipment,Callie Pople,Control Union USA,,,,,,,,
kathrynfelldeltacontract@gmail.com,,,0,0,,,,Delta Galil USA Inc,Callie Pople,Control Union USA,,,,,,,,
kathy.yu@32degrees.com,,,0,0,,,,David Peyser Sportswear Inc.,Callie Pople,Control Union USA,,,,,,,,
kathy@signalbrands.com,,,0,0,,,,"Signal Products, Inc.",Callie Pople,Control Union USA,,,,,,,,
kathylove@aquariusltd.com,,,0,0,,,,AQUARIUS LTD,Callie Pople,Control Union USA,,,,,,,,
katie.lugo@jockey.com,,,0,0,,,,"Jockey International, Inc.",Callie Pople,Control Union USA,,,,,,,,
katie.wilson@arcteryx.com,,,1,0,,,,Arc'teryx Equipment,Callie Pople,Control Union USA,,,,,,,,
katie@dynamicfoamproducts.com,,,0,0,,,,Dynamic Foam Products Inc.,Callie Pople,Control Union USA,,,,,,,,
katiefarhat@pvh.com,,,0,0,,,,PVH Corporation,Callie Pople,Control Union USA,,,,,,,,
katrina.kasemir@disney.com,,,0,0,,,,Disney,Callie Pople,Control Union USA,,,,,,,,
katrina.malone@garnethill.com,,,1,0,,,,Garnet Hill,Callie Pople,Control Union USA,,,,,,,,
kault@loloirugs.com,,,0,0,,,,Loloi Inc (DBA Loloi Rugs),Callie Pople,Control Union USA,,,,,,,,
kbryan1@llbean.com,,,0,0,,,,L.L. Bean,Callie Pople,Control Union USA,,,,,,,,
kburkhardt@downdecor.com,,,0,0,,,,"Down Home, dba Down Decor",Callie Pople,Control Union USA,,,,,,,,
kcasper@fibrix.com,,,0,0,,,,Fibrix LLC,Callie Pople,Control Union USA,,,,,,,,
kchao@centricbrands.com,,,0,0,,,,Centric Brands,Callie Pople,Control Union USA,,,,,,,,
kchen@onestepup.com,,,0,0,,,,One Step Up,Callie Pople,Control Union USA,,,,,,,,
kclouser@victoria.com,,,0,0,,,,Victoria’s Secret & Company,Callie Pople,Control Union USA,,,,,,,,
kconway@primark.co.uk,,,0,0,,,,Primark (AB Foods),Callie Pople,Control Union USA,,,,,,,,
kdayvault@jsroyalhome.com,,,0,0,,,,JS Royal Home,Callie Pople,Control Union USA,,,,,,,,
kdelap@hanoverdirect.com,,,0,0,,,,"Hanover Direct Manufacturing, LLC d/b/a American Down & Textile LLC",Callie Pople,Control Union USA,,,,,,,,
kehlke@foxrivermills.com,,,0,0,,,,"FRM Socks, LLC",Callie Pople,Control Union USA,,,,,,,,
keiko.mayuzumi@fastretailing.com,,,0,0,,,,"UNIQLO USA, LLC",Callie Pople,Control Union USA,,,,,,,,
keith@nesterhosiery.com,,,0,0,,,,"Nester Hosiery, LLC",Callie Pople,Control Union USA,,,,,,,,
kelly.bonner@capriholdings.com,,,1,0,,,,Capri Holdings Limited,Callie Pople,Control Union USA,,,,,,,,
kelly.mahaney@madewell.com,,,0,0,,,,Madewell,Callie Pople,Control Union USA,,,,,,,,
kelly@shopwvn.com,,,0,0,,,,"WVN, Inc. (Synergy Organic Clothing Inc.)",Callie Pople,Control Union USA,,,,,,,,
kellygupta@pvh.com,,,0,0,,,,PVH Corporation,Callie Pople,Control Union USA,,,,,,,,
kelvin.meeks@newellco.com,,,1,0,,,,Newell Brands Technical Apparel (NBTA) / Marmot Mountain LLC (Global HQ),Callie Pople,Control Union USA,,,,,,,,
kenneth@silkandsnow.com,,,0,0,,,,Silk & Snow Inc.,Callie Pople,Control Union USA,,,,,,,,
kenny.wu@andari.com,,,0,0,,,,Andari Fashion Inc,Callie Pople,Control Union USA,,,,,,,,
kercel@wlgore.com,,,0,0,,,,W.L. Gore & Associates,Callie Pople,Control Union USA,,,,,,,,
kerianne.frylinck@burlington.com,,,0,0,,,,Burlington,Callie Pople,Control Union USA,,,,,,,,
kerrim@unitedlegwear.com,,,0,0,,,,United Legwear & Apparel Co.,Callie Pople,Control Union USA,,,,,,,,
kerry.shen@kingkoon.tw,,,0,0,,,,"Lumi Importing, LTD",Callie Pople,Control Union USA,,,,,,,,
kerry@bollandbranch.com,,,1,1,,,,Boll & Branch LLC.,Callie Pople,Control Union USA,,,,,,,,
kerry@nesterhosiery.com,,,0,0,,,,"Nester Hosiery, LLC",Callie Pople,Control Union USA,,,,,,,,
kerry@onceagainhome.com,,,0,0,,,,Creative Departure (dba Once Again Home Co.),Callie Pople,Control Union USA,,,,,,,,
kevin@ryleeandcru.com,,,1,0,,,,"Rylee + Cru, Inc. DBA Quincy Mae",Callie Pople,Control Union USA,,,,,,,,
kevindixon@standardfiber.com,,,0,0,,,,Standard Fiber LLC,Callie Pople,Control Union USA,,,,,,,,
kferreira@fanatics.com,,,0,0,,,,"Fanatics Apparel, LLC",Callie Pople,Control Union USA,,,,,,,,
khanj@freddavid.com,,,0,0,,,,Como Diffusion Inc.,Callie Pople,Control Union USA,,,,,,,,
khofman@costco.com,,,0,0,,,,Costco,Callie Pople,Control Union USA,,,,,,,,
kholmlaursen@canadagoose.com,,,0,0,,,,Canada Goose Inc.,Callie Pople,Control Union USA,,,,,,,,
kigoe@lkeeco.com,,,0,0,,,,Keeco LLC,Callie Pople,Control Union USA,,,,,,,,
kimberly.sarich@hannaandersson.com,,,0,0,,,,Hanna Andersson LLC,Callie Pople,Control Union USA,,,,,,,,
kiran.badiger@suminter.com,,,6,2,,,,Suminter India Organics,Callie Pople,Control Union USA,,,,,,,,
kirbysmith@ck.com,,,0,0,,,,PVH Corporation,Callie Pople,Control Union USA,,,,,,,,
kirsten@obasan.com,,,2,0,,,,Obasan Limited,Callie Pople,Control Union USA,,,,,,,,
kissa.deneen@target.com,,,0,0,,,,Target Corporation,Callie Pople,Control Union USA,,,,,,,,
kjolly@primark.co.uk,,,0,0,,,,Primark (AB Foods),Callie Pople,Control Union USA,,,,,,,,
klaurenceau@ardencompanies.com,,,0,0,,,,Arden Companies LLC,Callie Pople,Control Union USA,,,,,,,,
klynch2@levi.com,,,0,0,,,,Levi Strauss & Co.,Callie Pople,Control Union USA,,,,,,,,
kmauro@jesssmith.com,,,0,0,,,,"Jess Smith & Sons, Inc",Callie Pople,Control Union USA,,,,,,,,
kmcnulty@cloverplastic.com,,,0,0,,,,"Clover Plastics, LLC",Callie Pople,Control Union USA,,,,,,,,
kmidkiff@lovevery.com,,,0,0,,,,"Lovevery, Inc.",Callie Pople,Control Union USA,,,,,,,,
konnor.porro@bombas.com,,,1,0,,,,Bombas LLC.,Callie Pople,Control Union USA,,,,,,,,
kris.tingler@milliken.com,,,0,0,,,,Milliken & Company,Callie Pople,Control Union USA,,,,,,,,
krista.mcdonough@capriholdings.com,,,0,0,,,,Capri Holdings Limited,Callie Pople,Control Union USA,,,,,,,,
kristen.graf@cabothosierymills.com,,,0,0,,,,Cabot Hosiery Mills/ Darn Tough Vermont,Callie Pople,Control Union USA,,,,,,,,
kristen.graf@darntough.com,,,0,0,,,,Cabot Hosiery Mills/ Darn Tough Vermont,Callie Pople,Control Union USA,,,,,,,,
kristina.purawinata@disney.com,,,0,0,,,,Disney,Callie Pople,Control Union USA,,,,,,,,
kruby@spyder.com,,,0,0,,,,Liberated-Spyder LLC,Callie Pople,Control Union USA,,,,,,,,
ksargent@bemisworldwide.com,,,0,0,,,,Bemis Associates,Callie Pople,Control Union USA,,,,,,,,
kschlosser@victoria.com,,,0,0,,,,Victoria’s Secret & Company,Callie Pople,Control Union USA,,,,,,,,
kshevick@sleeponlatex.com,,,0,0,,,,Shevick Sales Corp DBA Earthfoam,Callie Pople,Control Union USA,,,,,,,,
kshipley@jsroyalhome.com,,,1,0,,,,JS Royal Home,Callie Pople,Control Union USA,,,,,,,,
ksiddle@bemisworldwide.com,,,0,0,,,,Bemis Associates,Callie Pople,Control Union USA,,,,,,,,
ktaillefer@roots.com,,,1,3,,,,Roots Corporation,Callie Pople,Control Union USA,,,,,,,,
kuljit.rakhra@takasa.co,,,1,1,,,,Takasa Lifestyle Company Inc.,Callie Pople,Control Union USA,,,,,,,,
kylie@quarterwaycotton.com,,,0,0,,,,"Quarterway Cotton Growers, LLC",Callie Pople,Control Union USA,,,,,,,,
kyrle.preis@underarmour.com,,,0,0,,,,Under Armour Global Sourcing Ltd,Callie Pople,Control Union USA,,,,,,,,
kzhou@chfindustries.com.cn,,,0,0,,,,CHF Industries Inc,Callie Pople,Control Union USA,,,,,,,,
labundiz@costco.com,,,0,0,,,,Costco,Callie Pople,Control Union USA,,,,,,,,
laken.tran@brentwoodhome.com,,,0,0,,,,"Avocado Mattress, LLC",Callie Pople,Control Union USA,,,,,,,,
lar@lidl.us,,,0,0,,,,Lidl US LLC,Callie Pople,Control Union USA,,,,,,,,
lara.kessler@saxxunderwear.com,,,2,0,,,,SAXX,Callie Pople,Control Union USA,,,,,,,,
lara.martin@hellyhansen.com,,,0,0,,,,Helly Hansen,Callie Pople,Control Union USA,,,,,,,,
laravisser@pvh.com,,,0,0,,,,PVH Corporation,Callie Pople,Control Union USA,,,,,,,,
larry.weber@bauer.com,,,0,0,,,,Bauer Hockey Ltd.,Callie Pople,Control Union USA,,,,,,,,
laura.segorski@infinityrp.com,,,0,0,,,,Infinity Global,Callie Pople,Control Union USA,,,,,,,,
laura.swaffield@mec.ca,,,0,0,,,,MEC Mountain Equipment Company Ltd.,Callie Pople,Control Union USA,,,,,,,,
laurebriaut@pvh.com,,,0,0,,,,PVH Corporation,Callie Pople,Control Union USA,,,,,,,,
lauren.decamp@bombas.com,,,1,0,,,,Bombas LLC.,Callie Pople,Control Union USA,,,,,,,,
lauren.fields@kontoorbrands.com,,,0,0,,,,Kontoor Brands,Callie Pople,Control Union USA,,,,,,,,
lauren.kobetitsch@averydennison.com,,,0,0,,,,Avery Dennison,Demiral Ikram,Peterson Solutions,,,,,,,,
lauren.steinhardt@stanley1913.com,,,0,0,,,,PMI WW Brands LLC DBA Stanley,Callie Pople,Control Union USA,,,,,,,,
lauren_welch@next.co.uk,,,0,0,,,,Next Retail Ltd,Callie Pople,Control Union USA,,,,,,,,
laurenkowalsky@pvh.com,,,0,0,,,,PVH Corporation,Callie Pople,Control Union USA,,,,,,,,
laurie.rando@macys.com,,,0,0,,,,Macy's Inc.,Callie Pople,Control Union USA,,,,,,,,
lawson@alpsny.com,,,0,0,,,,Authentic Lifestyle Products LLC,Callie Pople,Control Union USA,,,,,,,,
lcarter@infinityrp.com,,,0,0,,,,Infinity Global,Callie Pople,Control Union USA,,,,,,,,
ldasilva@ribkoff.com,,,0,0,,,,Joseph Ribkoff,Demiral Ikram,Peterson Solutions,,,,,,,,
leanne.j.capobianco@disney.com,,,0,0,,,,Disney,Callie Pople,Control Union USA,,,,,,,,
len@bigagnes.com,,,0,0,,,,"Big Agnes, Inc.",Callie Pople,Control Union USA,,,,,,,,
leo.michel@indyeva.com,,,0,0,,,,Apropoz Distribution Inc.,Callie Pople,Control Union USA,,,,,,,,
leon@grandhuge.com,,,2,0,,,,Nanjing USA,Callie Pople,Control Union USA,,,,,,,,
leslie@pehr.com,,,2,0,,,,Pehr Designs,Callie Pople,Control Union USA,,,,,,,,
libertad.hernandezvazquez@averydennison.com,,,1,0,,,,Avery Dennison Corporation,Callie Pople,Control Union USA,,,,,,,,
lila.kubler-dudgeon@deckers.com,,,0,0,,,,Deckers Brands,Callie Pople,Control Union USA,,,,,,,,
lili.hong@andari.com,,,0,0,,,,Andari Fashion Inc,Callie Pople,Control Union USA,,,,,,,,
lilly.mancini@imperialapparel.com,,,0,0,,,,Imperial Apparel Group Inc.,Callie Pople,Control Union USA,,,,,,,,
lillym@groupeimperial.com,,,0,0,,,,Imperial Apparel Group Inc.,Callie Pople,Control Union USA,,,,,,,,
linda@ebiinternational.com,,,0,0,,,,EBI Fabrics Corporation,Callie Pople,Control Union USA,,,,,,,,
lindahowespacil@sanmar.com,,,0,0,,,,SanMar,Callie Pople,Control Union USA,,,,,,,,
lindsay.phelan@nordstrom.com,,,0,0,,,,"Nordstrom, Inc",Callie Pople,Control Union USA,,,,,,,,
lisa.boelcke@ringcontainer.com,,,0,0,,,,"RAPAC, LP",Callie Pople,Control Union USA,,,,,,,,
lisa.brekke@hellyhansen.com,,,0,0,,,,Helly Hansen,Callie Pople,Control Union USA,,,,,,,,
lisa.purcell@padnos.com,,,0,0,,,,PADNOS Recycling,Callie Pople,Control Union USA,,,,,,,,
lisa.surber@amwpi.com,,,0,0,,,,"Wool Partners, Inc",Callie Pople,Control Union USA,,,,,,,,
liwen.feng@sunfiberllc.com,,,2,0,,,,Sun Fiber LLC,Callie Pople,Control Union USA,,,,,,,,
liy@almostfamousclothing.com,,,1,0,,,,"Steven Madden, Ltd.",Callie Pople,Control Union USA,,,,,,,,
liz.witt@pehr.com,,,1,0,,,,Pehr Designs,Callie Pople,Control Union USA,,,,,,,,
liz.yun@32degrees.com,,,1,0,,,,David Peyser Sportswear Inc.,Callie Pople,Control Union USA,,,,,,,,
lkhawaja@aritzia.com,,,8,0,,,,Aritzia LP,Callie Pople,Control Union USA,,,,,,,,
llaw@toryburch.com.hk,,,0,0,,,,"Tory Burch, LLC",Callie Pople,Control Union USA,,,,,,,,
llee@levi.com,,,0,0,,,,Levi Strauss & Co.,Callie Pople,Control Union USA,,,,,,,,
llesieur@franklinsports.com,,,1,0,,,,Franklin Sports Inc.,Callie Pople,Control Union USA,,,,,,,,
llipton-mccombie@levi.com,,,0,0,,,,Levi Strauss & Co.,Callie Pople,Control Union USA,,,,,,,,
lmesner@oldwestmattress.com,,,0,0,,,,Old West Mattress Company LLC,Callie Pople,Control Union USA,,,,,,,,
logan.hutton@nike.com,,,0,0,,,,"Nike, Inc.",Callie Pople,Control Union USA,,,,,,,,
lorna@sportek.com,,,1,0,,,,Sportek International,Callie Pople,Control Union USA,,,,,,,,
lorraineli@vft.com,,,1,0,,,,MS Nonwovens Inc,Callie Pople,Control Union USA,,,,,,,,
louise-eglantine.guillaume@uniqlo.eu,,,0,0,,,,"Fast Retailing Co., Ltd",Callie Pople,Control Union USA,,,,,,,,
lsugiura@bernetintl.com,,,0,0,,,,"Bernet International Trading, LLC",Callie Pople,Control Union USA,,,,,,,,
lucie.guillorynicot@smcp.com,,,0,0,,,,SMCP,Demiral Ikram,Peterson Solutions,,,,,,,,
luis.kim@flexfit.com,,,3,0,,,,Flexfit LLC,Callie Pople,Control Union USA,,,,,,,,
luisa.oppenlaender@hess-natur.de,,,0,0,,,,Hess Natur-Textilien,Callie Pople,Control Union USA,,,,,,,,
lydiabaird@pvh.com,,,0,0,,,,PVH Corporation,Callie Pople,Control Union USA,,,,,,,,
lynda@exxel.com,,,0,0,,,,"Exxel Outdoors, LLC",Callie Pople,Control Union USA,,,,,,,,
lynn.pham@ap.averydennison.com,,,0,0,,,,Avery Dennison Corporation,Callie Pople,Control Union USA,,,,,,,,
m.l.jacques@lycra.com,,,0,0,,,,The LYCRA Company,Callie Pople,Control Union USA,,,,,,,,
mackenzies@nesterhosiery.com,,,0,0,,,,"Nester Hosiery, LLC",Callie Pople,Control Union USA,,,,,,,,
macorrigan@childrensplace.com,,,0,0,,,,The Children's Place,Callie Pople,Control Union USA,,,,,,,,
madhusudan_mishra@welspun.com,,,0,0,,,,"Welspun USA, INC",Callie Pople,Control Union USA,,,,,,,,
mafalda.carreira@decathlon.com,,,1,0,,,,DECATHLON,Callie Pople,Control Union USA,,,,,,,,
maggie.sloan@zalando.de,,,0,0,,,,Zalando SE,Callie Pople,Control Union USA,,,,,,,,
makayla.schmidt@jockey.com,,,0,0,,,,"Jockey International, Inc.",Callie Pople,Control Union USA,,,,,,,,
makely.lyon@nike.com,,,0,0,,,,"Nike, Inc.",Callie Pople,Control Union USA,,,,,,,,
malcolm.pannell@infinityrp.com,,,0,0,,,,Infinity Global,Callie Pople,Control Union USA,,,,,,,,
mallorymcconnell@pvh.com,,,0,0,,,,PVH Corporation,Callie Pople,Control Union USA,,,,,,,,
mana.suzuki@takihyony.com,,,1,0,,,,"Takihyo Co., Ltd.",Callie Pople,Control Union USA,,,,,,,,
manlam@rei.com,,,0,0,,,,REI,Callie Pople,Control Union USA,,,,,,,,
manlee@toryburch.com.hk,,,0,0,,,,"Tory Burch, LLC",Callie Pople,Control Union USA,,,,,,,,
mans.ranung@conceptmanufacturing.com,,,0,0,,,,"AQUA STAR, INC.",Callie Pople,Control Union USA,,,,,,,,
manu.rastogi@kathmandu.co.nz,,,0,0,,,,Kathmandu Limited,Callie Pople,Control Union USA,,,,,,,,
mara.ley@vuori.com,,,0,0,,,,"Vuori, Inc.",Callie Pople,Control Union USA,,,,,,,,
marc@daniadown.com,,,0,0,,,,Daniadown Quilts Ltd.,Callie Pople,Control Union USA,,,,,,,,
marci@ecofashioncorp.com,,,1,0,,,,"Ecofashion Corp S.P.C. DBA MARCI ZAROFF SUSTAINABLE BRANDS LLC, FARM TO HOME, YES AND, SEED TO STYLE, FARM TO FLIGHT.",Callie Pople,Control Union USA,,,,,,,,
maria.castro@robink.com,,,0,0,,,,CATWALK TO SIDEWALK,Callie Pople,Control Union USA,,,,,,,,
maria@daniadown.com,,,0,0,,,,Daniadown Quilts Ltd.,Callie Pople,Control Union USA,,,,,,,,
maricampos@isaacmorris.com,,,0,0,,,,Isaac Morris LTD,Callie Pople,Control Union USA,,,,,,,,
mariela.calderon@bergmanrivera.com,,,0,1,,,,Bergman/Rivera SAC,Callie Pople,Control Union USA,,,,,,,,
mariela.madriz@avalonapparel.com,,,0,0,,,,Avalon Apparel LLC,Callie Pople,Control Union USA,,,,,,,,
marinaar@inditex.com,,,12,0,,,,Industria de Diseno Textil (INDITEX),Callie Pople,Control Union USA,,,,,,,,
mario.trujillo@disney.com,,,0,0,,,,Disney,Callie Pople,Control Union USA,,,,,,,,
marion.junger@scott-sports.com,,,0,0,,,,SCOTT SPORTS SA,Callie Pople,Control Union USA,,,,,,,,
mariona.josa@mango.com,,,0,0,,,,"Mango MNG, S.A.",Callie Pople,Control Union USA,,,,,,,,
marisas@peerless-clothing.com,,,2,0,,,,Peerless Clothing International inc.,Callie Pople,Control Union USA,,,,,,,,
mark.knight@mec.ca,,,0,0,,,,MEC Mountain Equipment Company Ltd.,Callie Pople,Control Union USA,,,,,,,,
mark@perosgarmentfactory.com,,,2,0,,,,Peros Inc.,Callie Pople,Control Union USA,,,,,,,,
mark@ucalingerie.com,,,1,0,,,,"UCALINGERIE, INC.",Callie Pople,Control Union USA,,,,,,,,
marketing@craftsamericana.com,,,0,0,,,,"Crafts Group, LLC",Callie Pople,Control Union USA,,,,,,,,
marksh@gceint.com,,,0,0,,,,GCE INTERNATIONAL INC.,Callie Pople,Control Union USA,,,,,,,,
marney@catalystcreativegroup.com,,,0,0,,,,Catalyst Creative LLC,Callie Pople,Control Union USA,,,,,,,,
martine.mientjes@nike.com,,,0,0,,,,"Nike, Inc.",Callie Pople,Control Union USA,,,,,,,,
mary.b@jordanmanufacturing.com,,,0,0,,,,Jordan Manufacturing Company Inc.,Callie Pople,Control Union USA,,,,,,,,
mary.melanson@newbalance.com,,,0,0,,,,New Balance Athletics,Callie Pople,Control Union USA,,,,,,,,
mashal.malik@lidl.us,,,0,0,,,,Lidl US LLC,Callie Pople,Control Union USA,,,,,,,,
mason.miao@deckers.com,,,0,0,,,,Deckers Brands,Callie Pople,Control Union USA,,,,,,,,
mastio@suedwollegroup.de,,,0,0,,,,Suedwolle Group USA Inc.,Callie Pople,Control Union USA,,,,,,,,
mat3smi@rei.com,,,0,0,,,,REI,Callie Pople,Control Union USA,,,,,,,,
matthew.bridges@svepol.com,,,0,0,,,,SVEPOL AMERICAS INC.,Callie Pople,Control Union USA,,,,,,,,
matthewd@coghlans.com,,,1,0,,,,Coghlan's Ltd.,Callie Pople,Control Union USA,,,,,,,,
matthewguenther@talapparel.com,,,1,0,,,,TAL Apparel Limited,Callie Pople,Control Union USA,,,,,,,,
maud@indyeva.com,,,0,0,,,,Apropoz Distribution Inc.,Callie Pople,Control Union USA,,,,,,,,
mauropr@ext.inditex.com,,,0,0,,,,Industria de Diseno Textil (INDITEX),Callie Pople,Control Union USA,,,,,,,,
max_yang@alliedfeather.net,,,0,0,,,,Allied Home LLC,Callie Pople,Control Union USA,,,,,,,,
mbargan@canadagoose.com,,,0,0,,,,Canada Goose Inc.,Callie Pople,Control Union USA,,,,,,,,
mbass@jsroyalhome.com,,,0,0,,,,JS Royal Home,Callie Pople,Control Union USA,,,,,,,,
mbatlle@levi.com,,,0,0,,,,Levi Strauss & Co.,Callie Pople,Control Union USA,,,,,,,,
mbernet@bernetintl.com,,,0,0,,,,"Bernet International Trading, LLC",Callie Pople,Control Union USA,,,,,,,,
mberry@aquariusltd.com,,,0,0,,,,AQUARIUS LTD,Callie Pople,Control Union USA,,,,,,,,
mcedilloalujas@levi.com,,,0,0,,,,Levi Strauss & Co.,Callie Pople,Control Union USA,,,,,,,,
mcnulty@cloverplastic.com,,,0,0,,,,"Clover Plastics, LLC",Callie Pople,Control Union USA,,,,,,,,
mcorbett@earthboundllc.com,,,0,0,,,,Portico Brands LLC,Callie Pople,Control Union USA,,,,,,,,
mdanzger@londonlux.com,,,0,0,,,,London Luxury LLC,Callie Pople,Control Union USA,,,,,,,,
mdawsonelli@tapestry.com,,,0,0,,,,Tapestry,Robert Demianew,Control Union USA,,,,,,,,
mdshafiqul.islam@kontoorbrands.com,,,0,0,,,,Kontoor Brands,Callie Pople,Control Union USA,,,,,,,,
meagan.mcnamee@lidl.us,,,0,0,,,,Lidl US LLC,Callie Pople,Control Union USA,,,,,,,,
meenu.hochwalt@eileenfisher.com,,,0,0,,,,Eileen Fisher Inc.,Callie Pople,Control Union USA,,,,,,,,
megann.head@nike.com,,,0,0,,,,"Nike, Inc.",Callie Pople,Control Union USA,,,,,,,,
meghan.fogarty@burlington.com,,,0,0,,,,Burlington,Callie Pople,Control Union USA,,,,,,,,
melba.mastrofilippo@macys.com,,,0,0,,,,Macy's Inc.,Callie Pople,Control Union USA,,,,,,,,
melissa@ecofashioncorp.com,,,0,0,,,,"Ecofashion Corp S.P.C. DBA MARCI ZAROFF SUSTAINABLE BRANDS LLC, FARM TO HOME, YES AND, SEED TO STYLE, FARM TO FLIGHT.",Callie Pople,Control Union USA,,,,,,,,
meng@spencersupports.com,,,1,0,,,,Domestic Converteres Inc. (Spencer Supports Canada Ltd.),Callie Pople,Control Union USA,,,,,,,,
mengle@spyder.com,,,0,0,,,,Liberated-Spyder LLC,Callie Pople,Control Union USA,,,,,,,,
mfarah@vpcgroup.com,,,0,0,,,,VPC Group Inc.,Callie Pople,Control Union USA,,,,,,,,
mgriffin@victoria.com,,,0,0,,,,Victoria’s Secret & Company,Callie Pople,Control Union USA,,,,,,,,
mhairi.bannerman@arcteryx.com,,,0,0,,,,Arc'teryx Equipment,Callie Pople,Control Union USA,,,,,,,,
mhernandez@yasiro.com.mx,,,0,0,,,,Natco Trading LLC,Callie Pople,Control Union USA,,,,,,,,
mhippler@victoria.com,,,2,0,,,,Victoria’s Secret & Company,Callie Pople,Control Union USA,,,,,,,,
mhughes@naturallatex.com,,,1,0,,,,"Sleep Technologies, Inc. dba The Natural Latex",Callie Pople,Control Union USA,,,,,,,,
michael.rochelle@ecomtrading.com,,,0,0,,,,ECOM Cotton,Callie Pople,Control Union USA,,,,,,,,
michael@signalbrands.com,,,0,0,,,,"Signal Products, Inc.",Callie Pople,Control Union USA,,,,,,,,
michaelc@signalbrands.com,,,0,0,,,,"Signal Products, Inc.",Callie Pople,Control Union USA,,,,,,,,
michel.hublet@stanleystella.com,,,4,0,,,,Stanley Stella Inc.,Callie Pople,Control Union USA,,,,,,,,
michelle.aboodi@deckers.com,,,0,0,,,,Deckers Brands,Callie Pople,Control Union USA,,,,,,,,
michelle.aranda-gran@tommybahama.com,,,0,0,,,,Tommy Bahama,Callie Pople,Control Union USA,,,,,,,,
michelle.mcbride@kontoorbrands.com,,,0,0,,,,Kontoor Brands,Callie Pople,Control Union USA,,,,,,,,
michelle.sawyer@nike.com,,,0,0,,,,"Nike, Inc.",Callie Pople,Control Union USA,,,,,,,,
michellechenn@frcny.net,,,0,0,,,,LF Sourcing Sportswear LLC,Callie Pople,Control Union USA,,,,,,,,
mickey_denton@vfc.com,,,0,0,,,,VF Corporation / The North Face,Callie Pople,Control Union USA,,,,,,,,
mike.scuglik@jockey.com,,,0,0,,,,"Jockey International, Inc.",Callie Pople,Control Union USA,,,,,,,,
mike.seals@indocount.com,,,1,0,,,,INDO COUNT GLOBAL INC,Callie Pople,Control Union USA,,,,,,,,
mike@misha-and-puff.com,,,0,0,,,,Misha and Puff LLC,Callie Pople,Control Union USA,,,,,,,,
mike@woolly.clothing,,,1,0,,,,Woolly Clothing Company,Callie Pople,Control Union USA,,,,,,,,
milena.contreras@bombas.com,,,0,0,,,,Bombas LLC.,Callie Pople,Control Union USA,,,,,,,,
mindy@soaringheart.com,,,2,0,,,,SLEEPY SHEEP LLC dba Soaring Heart Natural Bed Company,Callie Pople,Control Union USA,,,,,,,,
mindy@wearsustene.com,,,0,0,,,,Sustene LLC,Callie Pople,Control Union USA,,,,,,,,
miranda@greatchinaempire.com.hk,,,0,0,,,,GCE INTERNATIONAL INC.,Callie Pople,Control Union USA,,,,,,,,
mirza.mannan@canda.com,,,0,0,,,,C&A Mode GmbH & Co. KG,Callie Pople,Control Union USA,,,,,,,,
misty.curtis@toms.com,,,0,0,,,,Toms Shoes,Callie Pople,Control Union USA,,,,,,,,
mitchm@coghlans.com,,,0,0,,,,Coghlan's Ltd.,Callie Pople,Control Union USA,,,,,,,,
miya@ucalingerie.com,,,0,0,,,,"UCALINGERIE, INC.",Callie Pople,Control Union USA,,,,,,,,
mjones@trcc.com,,,0,0,,,,"Textile Rubber & Chemical Co., Inc.",Callie Pople,Control Union USA,,,,,,,,
mjordan@coyuchi.com,,,1,0,,,,Coyuchi Inc.,Callie Pople,Control Union USA,,,,,,,,
mkim@poscointl.com,,,0,0,,,,POSCO INTERNATIONAL AMERICA CORP.,Callie Pople,Control Union USA,,,,,,,,
mknight@mec.ca,,,0,0,,,,MEC Mountain Equipment Company Ltd.,Callie Pople,Control Union USA,,,,,,,,
mlacroix@americantextile.com,,,0,0,,,,American Textile Company Inc. (HQ),Callie Pople,Control Union USA,,,,,,,,
mlask@ardencompanies.com,,,1,0,,,,Arden Companies LLC,Callie Pople,Control Union USA,,,,,,,,
mleuzzi@amscan.com,,,0,0,,,,Amscan/PartyCity,Callie Pople,Control Union USA,,,,,,,,
mley@vuoriclothing.com,,,0,0,,,,"Vuori, Inc.",Callie Pople,Control Union USA,,,,,,,,
mlyons@coyuchi.com,,,2,0,,,,Coyuchi Inc.,Callie Pople,Control Union USA,,,,,,,,
mmandarino@aritzia.com,,,0,0,,,,Aritzia LP,Callie Pople,Control Union USA,,,,,,,,
mmanley@earthfoam.com,,,0,0,,,,Shevick Sales Corp DBA Earthfoam,Callie Pople,Control Union USA,,,,,,,,
mmanley@sleeponlatex.com,,,0,0,,,,Shevick Sales Corp DBA Sleep On Latex,Callie Pople,Control Union USA,,,,,,,,
mmccorkle@americantextile.com,,,0,0,,,,American Textile Company Inc. (HQ),Callie Pople,Control Union USA,,,,,,,,
mmilani@americantextile.com,,,0,0,,,,American Textile Company Inc. (HQ),Callie Pople,Control Union USA,,,,,,,,
mmillan@caleres.com,,,0,0,,,,Vionic Group LLC.,Callie Pople,Control Union USA,,,,,,,,
mminyon@4moms.com,,,0,0,,,,Thorley Industries LLC d.b.a. 4moms,Callie Pople,Control Union USA,,,,,,,,
mmoore@biasleep.com,,,0,0,,,,"Bedding Industries of America , LLC.",Callie Pople,Control Union USA,,,,,,,,
mnelson@cuddledown.com,,,0,0,,,,"Cuddledown, Inc.",Callie Pople,Control Union USA,,,,,,,,
mnocon-rajpal@unisyncgroup.com,,,0,0,,,,UNISYNC GROUP LIMITED,Callie Pople,Control Union USA,,,,,,,,
mohamed@amtexyarns.com,,,0,0,,,,Amtex (YARN) Manufacturing Inc,Callie Pople,Control Union USA,,,,,,,,
mohammed.arifin@mondetta.com,,,0,0,,,,Mondetta Canada Inc.,Callie Pople,Control Union USA,,,,,,,,
moiraanne1160@gmail.com,,,2,0,,,,PVH Corporation,Callie Pople,Control Union USA,,,,,,,,
molly.chan@royalrobbins.com,,,0,0,,,,Royal Robbins LLC,Callie Pople,Control Union USA,,,,,,,,
monica.y.ng@macys.com,,,0,0,,,,Macy's Inc.,Callie Pople,Control Union USA,,,,,,,,
monicafilyaw@polyquest.com,,,0,0,,,,"PolyQuest, Inc",Callie Pople,Control Union USA,,,,,,,,
moyuen@toryburch.com.hk,,,0,0,,,,"Tory Burch, LLC",Callie Pople,Control Union USA,,,,,,,,
mphillips@uspagl.com,,,0,0,,,,U.S. Polo Assn.,Callie Pople,Control Union USA,,,,,,,,
mramirez@yasiro.com.mx,,,1,0,,,,Natco Trading LLC,Callie Pople,Control Union USA,,,,,,,,
mremigio@shalomint.com,,,0,0,,,,Shalom International Corp.,Callie Pople,Control Union USA,,,,,,,,
mschins@evergreentogether.com,,,0,0,,,,Evergreen Recycling LLC,Callie Pople,Control Union USA,,,,,,,,
mskeers@costco.com,,,0,0,,,,Costco,Callie Pople,Control Union USA,,,,,,,,
msmith@unisyncgroup.com,,,0,0,,,,UNISYNC GROUP LIMITED,Callie Pople,Control Union USA,,,,,,,,
muabbasi@chfindustries.com.pk,,,0,0,,,,CHF Industries Inc,Callie Pople,Control Union USA,,,,,,,,
mukeshmatta@pratibhasyntex.com,,,0,0,,,,Pratibha Syntex Pvt. Ltd.,Callie Pople,Control Union USA,,,,,,,,
mwarran@jordanmanufacturing.com,,,0,0,,,,Jordan Manufacturing Company Inc.,Callie Pople,Control Union USA,,,,,,,,
mxia@thekershehgroup.com,,,1,0,,,,Jelli fish Kids Inc.,Callie Pople,Control Union USA,,,,,,,,
mzhuang@superfeet.com,,,0,0,,,,Superfeet Worldwide Inc.,Callie Pople,Control Union USA,,,,,,,,
nadine.coton@bestseller.com,,,0,0,,,,Bestseller A/S,Callie Pople,Control Union USA,,,,,,,,
namullen@victoria.com,,,0,0,,,,Victoria’s Secret & Company,Callie Pople,Control Union USA,,,,,,,,
nancy.meyer@nike.com,,,0,0,,,,"Nike, Inc.",Callie Pople,Control Union USA,,,,,,,,
nancy_simile@intradeco.com,,,0,0,,,,Intradeco Apparel Inc,Callie Pople,Control Union USA,,,,,,,,
nancyweiyn@lifung.com,,,0,0,,,,LF Men’s Group LLC,Callie Pople,Control Union USA,,,,,,,,
naomi@catalystcreativegroup.com,,,0,0,,,,Catalyst Creative LLC,Callie Pople,Control Union USA,,,,,,,,
natalia_lizarazo@intradeco.com,,,0,0,,,,Intradeco Apparel Inc,Callie Pople,Control Union USA,,,,,,,,
natalie.zglobicki@nike.com,,,0,0,,,,"Nike, Inc.",Callie Pople,Control Union USA,,,,,,,,
nate.nielsen@nike.com,,,0,0,,,,"Nike, Inc.",Callie Pople,Control Union USA,,,,,,,,
nathalie.to@varner.com,,,2,0,,,,Varner AS,Callie Pople,Control Union USA,,,,,,,,
nathon@ibscomfort.com,,,0,0,,,,"Innovative Bedding Solutions, Inc.",Callie Pople,Control Union USA,,,,,,,,
nbehboodi@canadagoose.com,,,0,0,,,,Canada Goose Inc.,Callie Pople,Control Union USA,,,,,,,,
ncannon@gtatextiles.com,,,0,0,,,,Global Textiles Alliance,Callie Pople,Control Union USA,,,,,,,,
ndale@canadagoose.com,,,0,0,,,,Canada Goose Inc.,Callie Pople,Control Union USA,,,,,,,,
neda.shahhosseini@decathlon.com,,,1,0,,,,DECATHLON,Callie Pople,Control Union USA,,,,,,,,
nelly.born@uniqlo-usa.com,,,0,0,,,,"UNIQLO USA, LLC",Callie Pople,Control Union USA,,,,,,,,
nicholas.heinrichs@nike.com,,,0,0,,,,"Nike, Inc.",Callie Pople,Control Union USA,,,,,,,,
nick.nocita@ruggable.com,,,0,0,,,,Ruggable,Callie Pople,Control Union USA,,,,,,,,
nicole.april@nike.com,,,0,0,,,,"Nike, Inc.",Callie Pople,Control Union USA,,,,,,,,
nikki.delacruz@wilson.com,,,1,0,,,,"Wilson Sporting Goods, Co.",Callie Pople,Control Union USA,,,,,,,,
nils.hartveit@hellyhansen.com,,,0,0,,,,Helly Hansen,Callie Pople,Control Union USA,,,,,,,,
nils.thomas@varner.com,,,0,0,,,,Varner AS,Callie Pople,Control Union USA,,,,,,,,
ninh.trinh@target.com,,,0,0,,,,Target Corporation,Callie Pople,Control Union USA,,,,,,,,
nishalim@bioworldmerch.com,,,0,0,,,,Bioworld Merchandising,Callie Pople,Control Union USA,,,,,,,,
nnakamura@toyocotton.com,,,0,0,,,,Toyo Cotton Co.,Callie Pople,Control Union USA,,,,,,,,
nnasikullah@levi.com,,,0,0,,,,Levi Strauss & Co.,Callie Pople,Control Union USA,,,,,,,,
noemie.frohn@kiabiasia.com,,,0,0,,,,KIABI,Callie Pople,Control Union USA,,,,,,,,
norman.mcclave@burlington.com,,,0,0,,,,Burlington,Callie Pople,Control Union USA,,,,,,,,
npervez@aritzia.com,,,0,0,,,,Aritzia LP,Callie Pople,Control Union USA,,,,,,,,
nsanchez@bernetintl.com,,,0,0,,,,"Bernet International Trading, LLC",Callie Pople,Control Union USA,,,,,,,,
nsjeung@sk.com,,,0,0,,,,SK Chemicals America,Callie Pople,Control Union USA,,,,,,,,
nstaples@llbean.com,,,0,0,,,,L.L. Bean,Callie Pople,Control Union USA,,,,,,,,
nurul.dewan@bestseller.com,,,0,0,,,,Bestseller A/S,Callie Pople,Control Union USA,,,,,,,,
nwgross@cuddledown.com,,,0,0,,,,"Cuddledown, Inc.",Callie Pople,Control Union USA,,,,,,,,
nyuen@onestepup.com,,,0,0,,,,One Step Up,Callie Pople,Control Union USA,,,,,,,,
nzouari@freddavid.com,,,0,0,,,,Como Diffusion Inc.,Callie Pople,Control Union USA,,,,,,,,
oanamih@inditex.com,,,1,0,,,,Industria de Diseno Textil (INDITEX),Callie Pople,Control Union USA,,,,,,,,
oholguin@torgusa.com,,,0,0,,,,"The Outdoor Recreation Group Holdings, LLC",Callie Pople,Control Union USA,,,,,,,,
okechukwu.ikeh@mondetta.com,,,0,0,,,,Mondetta Canada Inc.,Callie Pople,Control Union USA,,,,,,,,
olarouche@me.com,,,0,0,,,,9216-9440 LLC DBA Mattshield Original,Callie Pople,Control Union USA,,,,,,,,
olgaser@us.inditex.com,,,1,0,,,,Industria de Diseno Textil (INDITEX),Callie Pople,Control Union USA,,,,,,,,
oliver.henkel@arcteryx.com,,,1,0,,,,Arc'teryx Equipment,Callie Pople,Control Union USA,,,,,,,,
olivia.sellers@disney.com,,,0,0,,,,Disney,Callie Pople,Control Union USA,,,,,,,,
olivia@wearsubset.com,,,1,0,,,,529 LLC dba Subset,Callie Pople,Control Union USA,,,,,,,,
operations@earththerapeutics.us,,,0,0,,,,Sunny Marketing Systems Inc,Callie Pople,Control Union USA,,,,,,,,
operations@qualitysleepshop.com,,,1,0,,,,Go Green Mattress INC.,Callie Pople,Control Union USA,,,,,,,,
operations@wearpact.com,,,1,0,,,,"Wear PACT, LLC",Callie Pople,Control Union USA,,,,,,,,
organiccotton@ecomtrading.com,,,2,0,,,,ECOM Cotton,Callie Pople,Control Union USA,,,,,,,,
orsolya.janossy@recoverfiber.com,,,0,0,,,,Recover Textile Systems S.L.,Callie Pople,Control Union USA,,,,,,,,
oscar@dreamstarbedding.com,,,2,0,,,,Dream Star Bedding Co. (2004) Ltd.,Callie Pople,Control Union USA,,,,,,,,
osman@kb22.us,,,0,0,,,,"KB22, Inc.",Callie Pople,Control Union USA,,,,,,,,
osom@osombrand.com,,,0,0,,,,Upcycletex dba Osomtex,Callie Pople,Control Union USA,,,,,,,,
osombrand@gmail.com,,,2,0,,,,Upcycletex dba Osomtex,Callie Pople,Control Union USA,,,,,,,,
oswco@toyocotton.co.jp,,,0,0,,,,Toyo Cotton Co.,Callie Pople,Control Union USA,,,,,,,,
oznur.ozcelik@hm.com,,,0,0,,,,H&M Group,Callie Pople,Control Union USA,,,,,,,,
p.aguilar@swisstex-es.com,,,0,0,,,,Swisstex Direct,Callie Pople,Control Union USA,,,,,,,,
pablosg@inditex.com,,,0,0,,,,Industria de Diseno Textil (INDITEX),Callie Pople,Control Union USA,,,,,,,,
palusick@chfindustries.com,,,0,0,,,,CHF Industries Inc,Callie Pople,Control Union USA,,,,,,,,
pamb@masholdings.com,,,0,0,,,,"MAS US Holdings, INC",Callie Pople,Control Union USA,,,,,,,,
pamela.stubenbord@garnethill.com,,,0,0,,,,Garnet Hill,Callie Pople,Control Union USA,,,,,,,,
patrick.novak@stanleystella.com,,,0,0,,,,Stanley Stella Inc.,Callie Pople,Control Union USA,,,,,,,,
patrick@jintana.com,,,1,0,,,,PIEGE CO,Callie Pople,Control Union USA,,,,,,,,
patrick@oceanworks.co,,,0,0,,,,"Oceanworks, Inc",Callie Pople,Control Union USA,,,,,,,,
patu.quiros@osombrand.com,,,0,0,,,,Upcycletex dba Osomtex,Callie Pople,Control Union USA,,,,,,,,
paulchien@vft.com,,,0,0,,,,MS Nonwovens Inc,Callie Pople,Control Union USA,,,,,,,,
pbyrum@loloirugs.com,,,0,0,,,,Loloi Inc (DBA Loloi Rugs),Callie Pople,Control Union USA,,,,,,,,
penelope.comette@arcteryx.com,,,4,0,,,,Arc'teryx Equipment,Callie Pople,Control Union USA,,,,,,,,
penny@kingkoon.com.tw,,,0,0,,,,"Lumi Importing, LTD",Callie Pople,Control Union USA,,,,,,,,
peter.hills@adm.com,,,0,0,,,,"Southern Cellulose Products, Inc.",Callie Pople,Control Union USA,,,,,,,,
peter.kuzma@vipproducts-corp.com,,,0,0,,,,VIP Products Corp.,Callie Pople,Control Union USA,,,,,,,,
peter@concordapparel.ca,,,0,0,,,,Concord Apparel Canada Inc.,Callie Pople,Control Union USA,,,,,,,,
peter@naturepedic.com,,,0,0,,,,"BAC Distributing, Inc. dba Naturepedic",Callie Pople,Control Union USA,,,,,,,,
philipp@ntdapparel.com,,,0,0,,,,NTD Apparel Inc,Callie Pople,Control Union USA,,,,,,,,
ping.pan@blueridgehome.com,,,0,0,,,,"Blue Ridge Home Fashions, Inc.",Callie Pople,Control Union USA,,,,,,,,
pkersheh@thekershehgroup.com,,,1,0,,,,Jelli fish Kids Inc.,Callie Pople,Control Union USA,,,,,,,,
pm2@perosgarmentfactory.com,,,1,0,,,,Peros Inc.,Callie Pople,Control Union USA,,,,,,,,
pmorales@onestepup.com,,,0,0,,,,One Step Up,Callie Pople,Control Union USA,,,,,,,,
prateeksha.prabhakar@nordstrom.com,,,0,0,,,,"Nordstrom, Inc",Callie Pople,Control Union USA,,,,,,,,
pratik.desai@nike.com,,,0,0,,,,"Nike, Inc.",Callie Pople,Control Union USA,,,,,,,,
priscilla.pacheco@skims.com,,,3,0,,,,SKIMS,Callie Pople,Control Union USA,,,,,,,,
psabapathy@thekershehgroup.com,,,1,0,,,,Vayola Garments,Callie Pople,Control Union USA,,,,,,,,
pseiffert@americantextile.com,,,0,0,,,,American Textile Company Inc. (HQ),Callie Pople,Control Union USA,,,,,,,,
ptownsend@primark.co.uk,,,0,0,,,,Primark (AB Foods),Callie Pople,Control Union USA,,,,,,,,
ptsai@caleres.com,,,0,0,,,,Vionic Group LLC.,Callie Pople,Control Union USA,,,,,,,,
purchasing@earththerapeutics.us,,,0,0,,,,Sunny Marketing Systems Inc,Callie Pople,Control Union USA,,,,,,,,
pwhitener@defeet.com,,,1,1,,,,DeFeet International,Callie Pople,Control Union USA,,,,,,,,
pwitt@costco.com,,,0,0,,,,Costco,Callie Pople,Control Union USA,,,,,,,,
pyan@abstrade.com,,,0,0,,,,EVERGRACE HOME INC.,Callie Pople,Control Union USA,,,,,,,,
pym.invoices@coats.com,,,0,0,,,,"Coats America, Inc",Callie Pople,Control Union USA,,,,,,,,
quality_control@bmtny.com,,,3,0,,,,BMT Commodity Corp,Callie Pople,Control Union USA,,,,,,,,
qualitysleep@gmail.com,,,0,0,,,,Go Green Mattress INC.,Callie Pople,Control Union USA,,,,,,,,
rachel.moret@capriholdings.com,,,0,0,,,,Capri Holdings Limited,Callie Pople,Control Union USA,,,,,,,,
racheld@outdoorresearch.com,,,0,0,,,,Outdoor Research LLC.,Callie Pople,Control Union USA,,,,,,,,
rachelwallace@pvh.com,,,0,0,,,,PVH Corporation,Callie Pople,Control Union USA,,,,,,,,
rachelwang1@talapparel.com,,,1,0,,,,TAL Apparel Limited,Callie Pople,Control Union USA,,,,,,,,
rajeshkasana@rakgroup.in,,,0,0,,,,ZIG ZAG INC.,Callie Pople,Control Union USA,,,,,,,,
randi.marshall@hm.com,,,0,0,,,,H&M Group,Callie Pople,Control Union USA,,,,,,,,
ranil.jayasuriya@mondetta.com,,,0,0,,,,Mondetta Canada Inc.,Callie Pople,Control Union USA,,,,,,,,
raquel.minjarez@hannaandersson.com,,,0,0,,,,Hanna Andersson LLC,Callie Pople,Control Union USA,,,,,,,,
ravishankar@burtsbeesbaby.com,,,0,0,,,,Ayablu Inc. DBA Burts Bees Baby,Callie Pople,Control Union USA,,,,,,,,
ravisun2000@yahoo.com,,,0,0,,,,2230745 ONTARIO INC. OPERATING AS SLEEP DREAM MATTRESS,Callie Pople,Control Union USA,,,,,,,,
ray.zhang@ap.averydennison.com,,,1,0,,,,Avery Dennison Corporation,Callie Pople,Control Union USA,,,,,,,,
rbernet@bernetintl.com,,,0,0,,,,"Bernet International Trading, LLC",Callie Pople,Control Union USA,,,,,,,,
rbratcher@msyg.com,,,0,0,,,,Meridian Specialty Yarn Group Inc,Callie Pople,Control Union USA,,,,,,,,
rcastellanos@mdbmail.com,,,0,0,,,,Million Dollar Baby co.,Callie Pople,Control Union USA,,,,,,,,
rchaugule@his-nyc.com,,,1,0,,,,H.I.S. INTERNATIONAL,Callie Pople,Control Union USA,,,,,,,,
rcroninswish@yahoo.com,,,10,0,,,,"Tricol Clean, Inc.",Callie Pople,Control Union USA,,,,,,,,
rd@ctnassau.com,,,0,0,,,,"CT Nassau Tape-Ticking, LLC",Callie Pople,Control Union USA,,,,,,,,
rebeccalipke@pvh.com,,,0,0,,,,PVH Corporation,Callie Pople,Control Union USA,,,,,,,,
rebekah.fitzgerald@arcteryx.com,,,0,0,,,,Arc'teryx Equipment,Callie Pople,Control Union USA,,,,,,,,
receptionist@csfibers.com,,,1,8,,,,"Custom Synthetic Fibers, LLC",Callie Pople,Control Union USA,,,,,,,,
refird@hornwoodinc.com,,,0,0,,,,Hornwood Inc,Callie Pople,Control Union USA,,,,,,,,
rene@abadfoam.com,,,0,0,,,,"Innovative Bedding Solutions, Inc.",Callie Pople,Control Union USA,,,,,,,,
reynamy.doria@voice.no,,,4,0,,,,VOICE NORGE AS,Callie Pople,Control Union USA,,,,,,,,
rfaus@omnicotton.com,,,1,0,,,,Omnicotton Inc,Callie Pople,Control Union USA,,,,,,,,
rgonzalez@yasiro.com.mx,,,0,0,,,,Natco Trading LLC,Callie Pople,Control Union USA,,,,,,,,
rh@4grecycling.com,,,0,0,,,,Ocean Recovery Group LLC,Callie Pople,Control Union USA,,,,,,,,
rh@oceanrecoverygroup.com,,,0,0,,,,Ocean Recovery Group LLC,Callie Pople,Control Union USA,,,,,,,,
rhantske@underarmour.com,,,0,0,,,,Under Armour Global Sourcing Ltd,Callie Pople,Control Union USA,,,,,,,,
rhillas@deckers.com,,,0,0,,,,Deckers Brands,Callie Pople,Control Union USA,,,,,,,,
richard.chen@primaloft.com,,,0,0,,,,PrimaLoft (Xiamen) Trading Co. Ltd.,Callie Pople,Control Union USA,,,,,,,,
richard@jbrplifestyles.com,,,0,0,,,,"SLEEP365, LLC",Callie Pople,Control Union USA,,,,,,,,
richard@sleep365.com,,,0,0,,,,"SLEEP365, LLC",Callie Pople,Control Union USA,,,,,,,,
rick.powers@amwpi.com,,,0,0,,,,"Wool Partners, Inc",Callie Pople,Control Union USA,,,,,,,,
rickrelinger@pvh.com,,,0,0,,,,PVH Corporation,Callie Pople,Control Union USA,,,,,,,,
rima.mehta@nordstrom.com,,,0,0,,,,"Nordstrom, Inc",Callie Pople,Control Union USA,,,,,,,,
rkozlowski@victoria.com,,,0,0,,,,Victoria’s Secret & Company,Callie Pople,Control Union USA,,,,,,,,
rlobianc@wlgore.com,,,0,0,,,,W.L. Gore & Associates,Callie Pople,Control Union USA,,,,,,,,
rmolina@anothertomorrow.co,,,1,0,,,,Another Tomorrow,Callie Pople,Control Union USA,,,,,,,,
rnagalia@tncliving.com,,,0,0,,,,Town & Country Holdings Inc d/b/a Town and Country Living,Callie Pople,Control Union USA,,,,,,,,
rob.mcminn@tempursealy.com,,,0,0,,,,Tempur Production USA LLC dba Mountain Top Foam,Callie Pople,Control Union USA,,,,,,,,
robin_chou@toplinecorp.com,,,0,0,,,,"Steven Madden, Ltd.",Callie Pople,Control Union USA,,,,,,,,
robyn.yun@flexfit.com,,,2,0,,,,Flexfit LLC,Callie Pople,Control Union USA,,,,,,,,
rohitburman@pvh.com,,,0,0,,,,PVH Corporation,Callie Pople,Control Union USA,,,,,,,,
roman.nelson@bekaertdeslee.com,,,0,0,,,,BekaertDeslee,Callie Pople,Control Union USA,,,,,,,,
ronaldy@felinausa.com,,,1,0,,,,PIEGE CO,Callie Pople,Control Union USA,,,,,,,,
rosella.leahy@nike.com,,,0,0,,,,"Nike, Inc.",Callie Pople,Control Union USA,,,,,,,,
roselonivy@gmail.com,,,0,0,,,,"Roselon Industries, Inc.",Callie Pople,Control Union USA,,,,,,,,
rosemary@bombas.com,,,1,0,,,,Bombas LLC.,Callie Pople,Control Union USA,,,,,,,,
ross.order@earthlink.net,,,0,0,,,,Ross Glove Co.,Callie Pople,Control Union USA,,,,,,,,
rossglovecompany@gmail.com,,,0,0,,,,Ross Glove Co.,Callie Pople,Control Union USA,,,,,,,,
rrider@imstradingusa.com,,,0,0,,,,IMS Trading LLC,Callie Pople,Control Union USA,,,,,,,,
rsmith@childrensplace.com,,,0,0,,,,The Children's Place,Callie Pople,Control Union USA,,,,,,,,
ruby.rakhra@takasa.co,,,0,0,,,,Takasa Lifestyle Company Inc.,Callie Pople,Control Union USA,,,,,,,,
ruchika@bearaby.com,,,1,0,,,,SOMNOS LLC (Brand name Bearaby),Callie Pople,Control Union USA,,,,,,,,
rumana@commerzilla.com,,,2,0,,,,Commerzilla LLC,Callie Pople,Control Union USA,,,,,,,,
rwalker@ribkoff.com,,,0,0,,,,Joseph Ribkoff,Demiral Ikram,Peterson Solutions,,,,,,,,
ryan.gottlieb@clairebell.com,,,0,0,,,,Happy Kids Canada Inc.,Callie Pople,Control Union USA,,,,,,,,
ryan.lin@kingkoon.tw,,,0,0,,,,"Lumi Importing, LTD",Callie Pople,Control Union USA,,,,,,,,
ryan.nguyen@shevicksales.com,,,0,0,,,,Shevick Sales Corp DBA Earthfoam,Callie Pople,Control Union USA,,,,,,,,
ryan.wang@varner.com.hk,,,0,0,,,,Varner AS,Callie Pople,Control Union USA,,,,,,,,
s.klein@cwiapparel.com,,,0,0,,,,Authentic Lifestyle Products LLC,Callie Pople,Control Union USA,,,,,,,,
saabimarkar@pvh.com,,,0,0,,,,PVH Corporation,Callie Pople,Control Union USA,,,,,,,,
sabg1@greatchinaempire.com.hk,,,2,0,,,,Sock and Accessory Brands Global,Callie Pople,Control Union USA,,,,,,,,
sabrinachang@lifung.com,,,0,0,,,,LF Men’s Group LLC,Callie Pople,Control Union USA,,,,,,,,
sachestn@jcp.com,,,0,0,,,,JC Penny,Callie Pople,Control Union USA,,,,,,,,
sakbar@childrensplace.com,,,0,0,,,,The Children's Place,Callie Pople,Control Union USA,,,,,,,,
sales@bleulala.com,,,0,0,,,,Hush Baby LLC,Callie Pople,Control Union USA,,,,,,,,
sales@naturellesleep.com,,,0,0,,,,Naturelle,Callie Pople,Control Union USA,,,,,,,,
sallman@loloirugs.com,,,0,0,,,,Loloi Inc (DBA Loloi Rugs),Callie Pople,Control Union USA,,,,,,,,
salwa@localcrafts.com,,,0,0,,,,"Crafts Group, LLC",Callie Pople,Control Union USA,,,,,,,,
sam.smith@deckers.com,,,0,0,,,,Deckers Brands,Callie Pople,Control Union USA,,,,,,,,
samantha.callas@nike.com,,,0,0,,,,"Nike, Inc.",Callie Pople,Control Union USA,,,,,,,,
samantha.vandrisse@americogroup.com,,,0,0,,,,AmeriCo Group,Callie Pople,Control Union USA,,,,,,,,
sammie_su@toplinecorp.com,,,0,0,,,,"Steven Madden, Ltd.",Callie Pople,Control Union USA,,,,,,,,
samuel_diaz@vfc.com,,,0,0,,,,VF Corporation / The North Face,Callie Pople,Control Union USA,,,,,,,,
sandra.joyce@madewell.com,,,0,0,,,,Madewell,Callie Pople,Control Union USA,,,,,,,,
sandramc@masholdings.com,,,0,0,,,,"MAS US Holdings, INC",Callie Pople,Control Union USA,,,,,,,,
sandya.kumar@ruggable.com,,,0,0,,,,Ruggable,Callie Pople,Control Union USA,,,,,,,,
sandywilliamson@lifung.com,,,0,0,,,,Mighty Hurricane Holdings Inc.,Callie Pople,Control Union USA,,,,,,,,
sanghvi.ishita@hm.com,,,0,0,,,,H&M Group,Callie Pople,Control Union USA,,,,,,,,
sara.campbell@garnethill.com,,,1,0,,,,Garnet Hill,Callie Pople,Control Union USA,,,,,,,,
sara@localcrafts.com,,,0,0,,,,"Crafts Group, LLC",Callie Pople,Control Union USA,,,,,,,,
sarah.aiyad@gymshark.com,,,0,0,,,,Gymshark,Callie Pople,Control Union USA,,,,,,,,
sarah.baker@lavieenrose.com,,,0,0,,,,La Vie en Rose Group,Callie Pople,Control Union USA,,,,,,,,
sarah.kring@bestseller.com,,,0,0,,,,Bestseller A/S,Callie Pople,Control Union USA,,,,,,,,
saskia.bloch@fenixoutdoor.com,,,0,0,,,,Fenix Outdoor,Demiral Ikram,Peterson Solutions,,,,,,,,
satoshi_takimoto@toyocotton.co.jp,,,0,0,,,,Toyo Cotton Co.,Callie Pople,Control Union USA,,,,,,,,
sayeh.mccarthy@loloirugs.com,,,0,0,,,,Loloi Inc (DBA Loloi Rugs),Callie Pople,Control Union USA,,,,,,,,
schmidt.nathalie@suedwollegroup.de,,,0,0,,,,Suedwolle Group GmbH,Callie Pople,Control Union USA,,,,,,,,
scmoran@victoria.com,,,0,0,,,,Victoria’s Secret & Company,Callie Pople,Control Union USA,,,,,,,,
scoop@defeet.com,,,1,0,,,,DeFeet International,Callie Pople,Control Union USA,,,,,,,,
scopecertificates@brentwoodhome.com,,,0,0,,,,"Brentwood Home, LLC",Callie Pople,Control Union USA,,,,,,,,
scott.shimizu@pemamerica.com,,,0,0,,,,"Pem-America, Inc.",Callie Pople,Control Union USA,,,,,,,,
scott.vitters@nike.com,,,0,0,,,,"Nike, Inc.",Callie Pople,Control Union USA,,,,,,,,
sean_yeung@southocean.com,,,0,0,,,,Cobalt Fashion llc,Callie Pople,Control Union USA,,,,,,,,
sebnem.alpaslan@canda.com,,,1,0,,,,C&A Mode GmbH & Co. KG,Callie Pople,Control Union USA,,,,,,,,
seda.sargin@decathlon.com,,,1,0,,,,DECATHLON,Callie Pople,Control Union USA,,,,,,,,
sellitto@suedwollegroup.com,,,0,0,,,,Suedwolle Group USA Inc.,Callie Pople,Control Union USA,,,,,,,,
sginger@canadagoose.com,,,0,0,,,,Canada Goose Inc.,Callie Pople,Control Union USA,,,,,,,,
sgottschamer@roots.com,,,0,0,,,,Roots Corporation,Callie Pople,Control Union USA,,,,,,,,
shailinsmith@rajgroup.in,,,0,0,,,,ZIG ZAG INC.,Callie Pople,Control Union USA,,,,,,,,
shaire@kentwool.com,,,0,0,,,,Kentwool Performance,Callie Pople,Control Union USA,,,,,,,,
shaire@kentwoolyarn.com,,,0,0,,,,Kentwool Yarn,Callie Pople,Control Union USA,,,,,,,,
sharris@carhartt.com,,,0,0,,,,"Carhartt, Inc.",Callie Pople,Control Union USA,,,,,,,,
sharyns@bioworldcanada.com,,,0,0,,,,Bioworld Canada Inc.,Callie Pople,Control Union USA,,,,,,,,
shehan.wijethilaka@bestseller.com,,,0,0,,,,Bestseller A/S,Callie Pople,Control Union USA,,,,,,,,
sheila@csstarlon.com,,,2,0,,,,CS America. Inc,Callie Pople,Control Union USA,,,,,,,,
sheinhan@ggkorea.co.kr,,,0,0,,,,"GG International Manufacturing Co., Ltd.",Brandon Kim,Control Union Seoul,,,,,,,,
shelly@sxd.ai,,,0,0,,,,SXD,Demiral Ikram,Peterson Solutions,,,,,,,,
sherry.lawrence@fotlinc.com,,,0,0,,,,Fruit of the Loom,Callie Pople,Control Union USA,,,,,,,,
shipping@oceanworks.co,,,2,0,,,,"Oceanworks, Inc",Callie Pople,Control Union USA,,,,,,,,
shippingmanager@csfibers.com,,,3,12,,,,"Custom Synthetic Fibers, LLC",Callie Pople,Control Union USA,,,,,,,,
shirley@globalprosper.cn,,,2,0,,,,Jelli fish Kids Inc.,Callie Pople,Control Union USA,,,,,,,,
shivira.choudhary@ros.com,,,0,0,,,,"Ross Stores, Inc.",Callie Pople,Control Union USA,,,,,,,,
shoeb@naturallatex.com,,,0,0,,,,"Sleep Technologies, Inc. dba The Natural Latex",Callie Pople,Control Union USA,,,,,,,,
shonaq@treespoon.com,,,1,0,,,,Treespoon Limited,Callie Pople,Control Union USA,,,,,,,,
shuang.li@fastretailing.com,,,0,0,,,,"Fast Retailing Co., Ltd",Callie Pople,Control Union USA,,,,,,,,
shudson@msyg.com,,,0,0,,,,Meridian Specialty Yarn Group Inc,Callie Pople,Control Union USA,,,,,,,,
sierra.puryear@milliken.com,,,0,0,,,,Milliken & Company,Callie Pople,Control Union USA,,,,,,,,
sila.yesilyurt@canda.com,,,1,0,,,,C&A,Nicolas B,Control Union Zwolle,,,,,,,,
silvia@luum.co,,,0,0,,,,The Conscious Home LLC,Callie Pople,Control Union USA,,,,,,,,
simge.aydin@puma.com,,,0,0,,,,Puma SE,Callie Pople,Control Union USA,,,,,,,,
simmy@greatchinaempire.com.hk,,,3,0,,,,GREAT CHINA EMPIRE,Callie Pople,Control Union USA,,,,,,,,
simon@dynamicfoamproducts.com,,,2,0,,,,Dynamic Foam Products Inc.,Callie Pople,Control Union USA,,,,,,,,
simran.vadher@syre.com,,,1,2,,,,H&M Group,Callie Pople,Control Union USA,,,,,,,,
sjhwang627@poscointl.com,,,0,0,,,,POSCO INTERNATIONAL AMERICA CORP.,Callie Pople,Control Union USA,,,,,,,,
skarediya@alcovecollections.com,,,2,0,,,,Alcove Collections,Callie Pople,Control Union USA,,,,,,,,
skaur@vpcgroup.com,,,0,0,,,,VPC Group Inc.,Callie Pople,Control Union USA,,,,,,,,
skeegan@bmtny.com,,,0,0,,,,BMT Commodity Corp,Callie Pople,Control Union USA,,,,,,,,
skhan@childrensplace.com,,,1,0,,,,The Children's Place,Callie Pople,Control Union USA,,,,,,,,
skip@finecottonfactory.com,,,1,0,,,,Fine Cotton Factory Inc.,Callie Pople,Control Union USA,,,,,,,,
skmoore@victoria.com,,,0,0,,,,Victoria’s Secret & Company,Callie Pople,Control Union USA,,,,,,,,
sky.yoon@getrael.com,,,3,0,,,,"Rael, Inc.",Callie Pople,Control Union USA,,,,,,,,
slau2@unisyncgroup.com,,,0,0,,,,UNISYNC GROUP LIMITED,Callie Pople,Control Union USA,,,,,,,,
sleepdm@gmail.com,,,1,0,,,,2230745 ONTARIO INC. OPERATING AS SLEEP DREAM MATTRESS,Callie Pople,Control Union USA,,,,,,,,
sliu@bmtny.com,,,0,0,,,,BMT Commodity Corp,Callie Pople,Control Union USA,,,,,,,,
slong@rei.com,,,0,0,,,,REI,Callie Pople,Control Union USA,,,,,,,,
smccarthy@loloirugs.com,,,0,0,,,,Loloi Inc (DBA Loloi Rugs),Callie Pople,Control Union USA,,,,,,,,
smcdonald@zenterawool.com,,,4,0,,,,Zentera Wool,Demiral Ikram,Peterson Solutions,,,,,,,,
sofia.castillo@underarmour.com,,,0,0,,,,Under Armour Global Sourcing Ltd,Callie Pople,Control Union USA,,,,,,,,
solina@globalprosper.cn,,,1,0,,,,JV Apparel Corp.,Callie Pople,Control Union USA,,,,,,,,
somaraso_vicmark@horizon-outdoor.com,,,1,0,,,,Galaxy International Trading Company Ltd.,Callie Pople,Control Union USA,,,,,,,,
sonia.luan@conceptmanufacturing.com,,,2,0,,,,"AQUA STAR, INC.",Callie Pople,Control Union USA,,,,,,,,
sophia.antony@dcsg.com,,,0,0,,,,"DICK'S Sporting Goods, Inc.",Callie Pople,Control Union USA,,,,,,,,
sophie.chung@32degrees.com,,,0,0,,,,David Peyser Sportswear Inc.,Callie Pople,Control Union USA,,,,,,,,
sqa1@jnspack.com,,,0,0,,,,J&S Packaging Inc,Callie Pople,Control Union USA,,,,,,,,
squast@burtsbeesbaby.com,,,0,0,,,,Ayablu Inc. DBA Burts Bees Baby,Callie Pople,Control Union USA,,,,,,,,
srau@jcp.com,,,0,0,,,,JC Penny,Callie Pople,Control Union USA,,,,,,,,
sray@victoria.com,,,0,0,,,,Victoria’s Secret & Company,Callie Pople,Control Union USA,,,,,,,,
sreice@anthropologie.com,,,0,0,,,,Anthropologie,Callie Pople,Control Union USA,,,,,,,,
ssbe@nalc.npcam.com,,,0,0,,,,"NAN YA PLASTICS CORPORATION, AMERICA",Callie Pople,Control Union USA,,,,,,,,
sschwartz@londonlux.com,,,0,0,,,,London Luxury LLC,Callie Pople,Control Union USA,,,,,,,,
ssharifi@toryburch.com,,,0,0,,,,"Tory Burch, LLC",Callie Pople,Control Union USA,,,,,,,,
sshintay@unifi.com,,,0,0,,,,"Unifi, Inc.",Callie Pople,Control Union USA,,,,,,,,
ssturgeon@carhartt.com,,,0,0,,,,"Carhartt, Inc.",Callie Pople,Control Union USA,,,,,,,,
stacey.newlon@indocount.com,,,0,0,,,,INDO COUNT GLOBAL INC,Callie Pople,Control Union USA,,,,,,,,
stacey@aquariusltd.com,,,1,0,,,,AQUARIUS LTD,Callie Pople,Control Union USA,,,,,,,,
staets@foxrivermills.com,,,0,0,,,,"FRM Socks, LLC",Callie Pople,Control Union USA,,,,,,,,
stakimoto@toyocotton.com,,,0,0,,,,Toyo Cotton Co.,Callie Pople,Control Union USA,,,,,,,,
stella@getrael.com,,,1,0,,,,"Rael, Inc.",Callie Pople,Control Union USA,,,,,,,,
stephanie.domijan@newellco.com,,,0,0,,,,Newell Brands Technical Apparel (NBTA) / Marmot Mountain LLC (Global HQ),Callie Pople,Control Union USA,,,,,,,,
stephanie.liao@target.com,,,0,0,,,,Target Corporation,Callie Pople,Control Union USA,,,,,,,,
stephanie.lingle@kontoorbrands.com,,,0,0,,,,Kontoor Brands,Callie Pople,Control Union USA,,,,,,,,
stephanie.sorich@nordstrom.com,,,0,0,,,,"Nordstrom, Inc",Callie Pople,Control Union USA,,,,,,,,
stephanie@aloqia.com,,,1,0,,,,Aloqia,Demiral Ikram,Peterson Solutions,,,,,,,,
stephanie@catalystcreativegroup.com,,,0,0,,,,Catalyst Creative LLC,Callie Pople,Control Union USA,,,,,,,,
stephen.doorley@rapac.com,,,0,0,,,,"RAPAC, LP",Callie Pople,Control Union USA,,,,,,,,
steve.fife-adams@nike.com,,,0,0,,,,"Nike, Inc.",Callie Pople,Control Union USA,,,,,,,,
steve.miller@indocount.us,,,1,0,,,,INDO COUNT GLOBAL INC,Callie Pople,Control Union USA,,,,,,,,
steve.stoakes@gymshark.com,,,0,0,,,,Gymshark,Callie Pople,Control Union USA,,,,,,,,
steve@jeridan.ca,,,1,0,,,,Jeridan Inc.,Callie Pople,Control Union USA,,,,,,,,
stewart_kwok@vfc.com,,,0,0,,,,VF Corporation / The North Face,Callie Pople,Control Union USA,,,,,,,,
sthompson@verabradley.com,,,0,0,,,,Vera Bradley,Callie Pople,Control Union USA,,,,,,,,
sunny.yang@conceptmanufacturing.com,,,0,0,,,,"AQUA STAR, INC.",Callie Pople,Control Union USA,,,,,,,,
sunny@earththerapeutics.us,,,0,0,,,,Sunny Marketing Systems Inc,Callie Pople,Control Union USA,,,,,,,,
support@coaminc.com,,,0,0,,,,"COAM, INC",Callie Pople,Control Union USA,,,,,,,,
support@dabienj.com,,,0,0,,,,"Dabienj, Inc.",Callie Pople,Control Union USA,,,,,,,,
susanna.anderson@fenixoutdoor.com,,,0,0,,,,Fenix Outdoor / Fjallraven,Callie Pople,Control Union USA,,,,,,,,
sustainability@brands-fashion.com,,,0,0,,,,Brands Fashion US Inc.,Callie Pople,Control Union USA,,,,,,,,
sustainability@mec.ca,,,0,0,,,,MEC Mountain Equipment Company Ltd.,Callie Pople,Control Union USA,,,,,,,,
sustainability@suedwollegroup.de,,,0,0,,,,Suedwolle Group USA Inc.,Callie Pople,Control Union USA,,,,,,,,
sustainability@unitedlegwear.com,,,0,0,,,,United Legwear & Apparel Co.,Callie Pople,Control Union USA,,,,,,,,
svetozar.dinev@svepol.com,,,2,0,,,,SVEPOL AMERICAS INC.,Callie Pople,Control Union USA,,,,,,,,
svucetic@thekershehgroup.com,,,0,0,,,,Jelli fish Kids Inc.,Callie Pople,Control Union USA,,,,,,,,
sweizmann@freddavid.com,,,1,0,,,,Como Diffusion Inc.,Callie Pople,Control Union USA,,,,,,,,
swilliams@gerberchildrenswear.com,,,0,0,,,,"Gerber Childrenswear, LLC",Callie Pople,Control Union USA,,,,,,,,
swilliams@triboro.com,,,1,0,,,,"Gerber Childrenswear, LLC",Callie Pople,Control Union USA,,,,,,,,
syabiku@bernetintl.com,,,2,0,,,,"Bernet International Trading, LLC",Callie Pople,Control Union USA,,,,,,,,
syoung@bmtny.com,,,0,0,,,,BMT Commodity Corp,Callie Pople,Control Union USA,,,,,,,,
t.matiz@lenzing.com,,,1,2,,,,Lenzing Fibers,Callie Pople,Control Union USA,,,,,,,,
t.seamon@teijin-frontier.com,,,0,0,,,,"Teijin Frontier (U.S.A), Inc.",Callie Pople,Control Union USA,,,,,,,,
taku_uramoto@toyocotton.co.jp,,,0,0,,,,Toyo Cotton Co.,Callie Pople,Control Union USA,,,,,,,,
tamakoh@outdoorresearch.com,,,0,0,,,,Outdoor Research LLC.,Callie Pople,Control Union USA,,,,,,,,
tamarayv@ext.inditex.com,,,0,0,,,,Industria de Diseno Textil (INDITEX),Callie Pople,Control Union USA,,,,,,,,
tammy.yang@mec.ca,,,0,0,,,,MEC Mountain Equipment Company Ltd.,Callie Pople,Control Union USA,,,,,,,,
tamzyn.jones@arcteryx.com,,,0,0,,,,Arc'teryx Equipment,Callie Pople,Control Union USA,,,,,,,,
tanlis.tan@pemamerica.com,,,0,0,,,,"Pem-America, Inc.",Callie Pople,Control Union USA,,,,,,,,
tanya@ctnassau.com,,,0,0,,,,"CT Nassau Tape-Ticking, LLC",Callie Pople,Control Union USA,,,,,,,,
tapperson@costco.com,,,0,0,,,,Costco,Callie Pople,Control Union USA,,,,,,,,
tara.natter.f8@mail.toray,,,0,0,,,,"Toray International America, Inc",Callie Pople,Control Union USA,,,,,,,,
tarun.patel@ros.com,,,0,0,,,,"Ross Stores, Inc.",Callie Pople,Control Union USA,,,,,,,,
tass@suedwollegroup.de,,,0,0,,,,Suedwolle Group USA Inc.,Callie Pople,Control Union USA,,,,,,,,
taylor.burgdorf@underarmour.com,,,0,0,,,,Under Armour Global Sourcing Ltd,Callie Pople,Control Union USA,,,,,,,,
taylor@csfibers.com,,,1,8,,,,"Custom Synthetic Fibers, LLC",Callie Pople,Control Union USA,,,,,,,,
taylormcarter@costco.com,,,0,0,,,,Costco,Callie Pople,Control Union USA,,,,,,,,
taylorr@burton.com,,,1,8,,,,The Burton Corporation,Callie Pople,Control Union USA,,,,,,,,
tcao@loloirugs.com,,,0,0,,,,Loloi Inc (DBA Loloi Rugs),Callie Pople,Control Union USA,,,,,,,,
tcarrick@cabothosierymills.com,,,0,0,,,,Cabot Hosiery Mills/ Darn Tough Vermont,Callie Pople,Control Union USA,,,,,,,,
tduka@alcovecollections.com,,,0,0,,,,Alcove Collections,Callie Pople,Control Union USA,,,,,,,,
terry@getrael.com,,,0,0,,,,"Rael, Inc.",Callie Pople,Control Union USA,,,,,,,,
tess_tacka@vfc.com,,,0,0,,,,VF Corporation / The North Face,Callie Pople,Control Union USA,,,,,,,,
tfrazier@infinityrp.com,,,0,0,,,,Infinity Global,Callie Pople,Control Union USA,,,,,,,,
tgomez@childrensplace.com,,,0,0,,,,The Children's Place,Callie Pople,Control Union USA,,,,,,,,
tgomiscek@aritzia.com,,,0,0,,,,Aritzia LP,Callie Pople,Control Union USA,,,,,,,,
thomasmills@pvh.com,,,0,0,,,,PVH Corporation,Callie Pople,Control Union USA,,,,,,,,
tiffany_light@next.co.uk,,,0,0,,,,Next Retail Ltd,Callie Pople,Control Union USA,,,,,,,,
tim_lou@horizon-outdoor.com,,,0,0,,,,Galaxy International Trading Company Ltd.,Callie Pople,Control Union USA,,,,,,,,
timothy.dumas@underarmour.com,,,0,0,,,,Under Armour Global Sourcing Ltd,Callie Pople,Control Union USA,,,,,,,,
tina.henderson@arcteryx.com,,,0,0,,,,Arc'teryx Equipment,Callie Pople,Control Union USA,,,,,,,,
tina.sullivan@rapac.com,,,0,0,,,,"RAPAC, LP",Callie Pople,Control Union USA,,,,,,,,
tjsingla@tridentindia.com,,,0,0,,,,Trident Global Inc,Callie Pople,Control Union USA,,,,,,,,
tlebsock@crescent-inc.com,,,1,0,,,,Crescent Sock Company,Callie Pople,Control Union USA,,,,,,,,
tlong@myessentia.com,,,0,0,,,,Organic Exchange Inc.,Callie Pople,Control Union USA,,,,,,,,
tmartin@anodynewool.com,,,0,1,,,,Anodyne Wool Inc.,Callie Pople,Control Union USA,,,,,,,,
tnguyen@centricbrands.com,,,0,0,,,,Centric Brands,Callie Pople,Control Union USA,,,,,,,,
toby.guo@puma.com,,,0,0,,,,Puma SE,Callie Pople,Control Union USA,,,,,,,,
tom.voccola@rugpadusa.com,,,0,0,,,,RugPadUSA LLC,Callie Pople,Control Union USA,,,,,,,,
tom@brassmonkeyindustries.com,,,0,0,,,,"Rylee + Cru, Inc. DBA Quincy Mae",Callie Pople,Control Union USA,,,,,,,,
tomjluxton@gmail.com,,,1,0,,,,KATU GOODS LLC,Callie Pople,Control Union USA,,,,,,,,
tonettelim@costco.com,,,0,0,,,,Costco,Callie Pople,Control Union USA,,,,,,,,
tony.hung@newbalance.com,,,0,0,,,,New Balance Athletics,Callie Pople,Control Union USA,,,,,,,,
tony@jnspack.com,,,0,0,,,,J&S Packaging Inc,Callie Pople,Control Union USA,,,,,,,,
tonycheng@kingkoon.tw,,,0,0,,,,"Lumi Importing, LTD",Callie Pople,Control Union USA,,,,,,,,
topglorygrs@163.com,,,0,0,,,,TOP GLORY TRADING GROUP INC,Callie Pople,Control Union USA,,,,,,,,
tory@oceanworks.co,,,2,0,,,,"Oceanworks, Inc",Callie Pople,Control Union USA,,,,,,,,
tpickett@foxrivermills.com,,,0,0,,,,"FRM Socks, LLC",Callie Pople,Control Union USA,,,,,,,,
trace@csfibers.com,,,0,0,,,,"Custom Synthetic Fibers, LLC",Callie Pople,Control Union USA,,,,,,,,
tracey.mceuen@nike.com,,,0,0,,,,"Nike, Inc.",Callie Pople,Control Union USA,,,,,,,,
tracy.lau@underarmour.com,,,0,0,,,,Under Armour Global Sourcing Ltd,Callie Pople,Control Union USA,,,,,,,,
tracy@csfibers.com,,,1,8,,,,"Custom Synthetic Fibers, LLC",Callie Pople,Control Union USA,,,,,,,,
treina.fabre@on-running.com,,,0,0,,,,On AG,Callie Pople,Control Union USA,,,,,,,,
trolla@americantextile.com,,,0,0,,,,American Textile Company Inc. (HQ),Callie Pople,Control Union USA,,,,,,,,
tsepter@chfindustries.com,,,0,0,,,,CHF Industries Inc,Callie Pople,Control Union USA,,,,,,,,
ttawil@o5group.com,,,1,8,,,,"O5 LE, LLC",Callie Pople,Control Union USA,,,,,,,,
tvelasquez@toadandco.com,,,2,0,,,,Toad & Co,Callie Pople,Control Union USA,,,,,,,,
ufuk.dinc@varner.com.tr,,,0,0,,,,Varner AS,Callie Pople,Control Union USA,,,,,,,,
unedic@primark.com,,,0,0,,,,Primark (AB Foods),Callie Pople,Control Union USA,,,,,,,,
valerie.stewart@jockey.com,,,0,0,,,,"Jockey International, Inc.",Callie Pople,Control Union USA,,,,,,,,
valerie.vaughan@nike.com,,,0,0,,,,"Nike, Inc.",Callie Pople,Control Union USA,,,,,,,,
vanessa@oceanworks.co,,,0,0,,,,"Oceanworks, Inc",Callie Pople,Control Union USA,,,,,,,,
veberly@sleep365.com,,,0,0,,,,"SLEEP365, LLC",Callie Pople,Control Union USA,,,,,,,,
vegard.neverlien@varner.com,,,0,0,,,,Varner AS,Callie Pople,Control Union USA,,,,,,,,
veronica@getrael.com,,,0,0,,,,"Rael, Inc.",Callie Pople,Control Union USA,,,,,,,,
veronica@localcrafts.com,,,0,0,,,,"Crafts Group, LLC",Callie Pople,Control Union USA,,,,,,,,
veronica@premierneedlearts.com,,,0,0,,,,"Crafts Group, LLC",Callie Pople,Control Union USA,,,,,,,,
veroniquetjon@pvh.com,,,0,0,,,,PVH Corporation,Callie Pople,Control Union USA,,,,,,,,
vicki@downdecor.com,,,0,0,,,,"Down Home, dba Down Decor",Callie Pople,Control Union USA,,,,,,,,
victor@safdieco.com,,,0,0,,,,Safdie & Co. Inc,Callie Pople,Control Union USA,,,,,,,,
victoria.acost@amwpi.com,,,0,0,,,,"Wool Partners, Inc",Callie Pople,Control Union USA,,,,,,,,
victoria@hyperlitemountaingear.com,,,1,0,,,,Hyperlite Mountain Gear,Callie Pople,Control Union USA,,,,,,,,
vince@myessentia.com,,,0,0,,,,Organic Exchange Inc.,Callie Pople,Control Union USA,,,,,,,,
vinnys@bioworldmerch.com,,,0,0,,,,Bioworld Merchandising,Callie Pople,Control Union USA,,,,,,,,
viola.wan@puma.com,,,0,0,,,,Puma SE,Callie Pople,Control Union USA,,,,,,,,
violetarnold@costco.com,,,0,0,,,,Costco,Callie Pople,Control Union USA,,,,,,,,
viral.gamit@arvind.in,,,0,0,,,,Arvind Limited,Callie Pople,Control Union USA,,,,,,,,
vivek@bearaby.com,,,0,0,,,,SOMNOS LLC (Brand name Bearaby),Callie Pople,Control Union USA,,,,,,,,
viviana.colombo@ch.guess.eu,,,0,0,,,,"Guess?, Inc.",Callie Pople,Control Union USA,,,,,,,,
vizan@gallantintl.com,,,0,0,,,,Gallant International Inc,Callie Pople,Control Union USA,,,,,,,,
vlim@canadagoose.com,,,0,0,,,,Canada Goose Inc.,Callie Pople,Control Union USA,,,,,,,,
vmathur@chfindustries.in,,,0,0,,,,CHF Industries Inc,Callie Pople,Control Union USA,,,,,,,,
voviedo@aritzia.com,,,0,0,,,,Aritzia LP,Callie Pople,Control Union USA,,,,,,,,
vpresolly@aritzia.com,,,0,0,,,,Aritzia LP,Callie Pople,Control Union USA,,,,,,,,
vserajian@vitricycle.com,,,2,0,,,,VITRICYCLE LLC,Callie Pople,Control Union USA,,,,,,,,
vshe@ecco.com,,,1,0,,,,Ecco,Callie Pople,Control Union USA,,,,,,,,
vsireci@echodesign.com,,,1,8,,,,The Echo Design Group,Callie Pople,Control Union USA,,,,,,,,
wallyarms@crescent-inc.com,,,0,0,,,,Crescent Sock Company,Callie Pople,Control Union USA,,,,,,,,
walter.hong@exxel.com,,,0,0,,,,"Exxel Outdoors, LLC",Callie Pople,Control Union USA,,,,,,,,
wangting@rongheng.com,,,0,0,,,,"UCALINGERIE, INC.",Callie Pople,Control Union USA,,,,,,,,
wanyu.chen@fastretailing.com,,,0,0,,,,"Fast Retailing Co., Ltd",Callie Pople,Control Union USA,,,,,,,,
warng@freddavid.com,,,0,0,,,,Como Diffusion Inc.,Callie Pople,Control Union USA,,,,,,,,
wei.wang@andari.com,,,0,0,,,,Andari Fashion Inc,Callie Pople,Control Union USA,,,,,,,,
wendy.batz@americanwoolen.com,,,0,0,,,,"American Woolen Company, Inc.",Callie Pople,Control Union USA,,,,,,,,
wendy.lee@dcsg.com,,,0,0,,,,"DICK'S Sporting Goods, Inc.",Callie Pople,Control Union USA,,,,,,,,
wendymeng@vft.com,,,0,0,,,,American Nonwovens Inc,Callie Pople,Control Union USA,,,,,,,,
weston@savvyrest.com,,,0,0,,,,"Savvy Rest, Inc.",Callie Pople,Control Union USA,,,,,,,,
wfowler@chfindustries.com,,,0,0,,,,CHF Industries Inc,Callie Pople,Control Union USA,,,,,,,,
whbyrnes@infinityrp.com,,,0,0,,,,Infinity Global,Callie Pople,Control Union USA,,,,,,,,
whisperorganics@gmail.com,,,0,0,,,,Futterman Textiles Inc dba Whisper Organics,Callie Pople,Control Union USA,,,,,,,,
whitney@ebiinternational.com,,,0,0,,,,EBI Fabrics Corporation,Callie Pople,Control Union USA,,,,,,,,
widjaja_darwin@horizon-outdoor.com,,,1,0,,,,Galaxy International Trading Company Ltd.,Callie Pople,Control Union USA,,,,,,,,
williamlin1@talapparel.com,,,1,0,,,,TAL Apparel Limited,Callie Pople,Control Union USA,,,,,,,,
winnie.lam@nike.com,,,0,0,,,,"Nike, Inc.",Callie Pople,Control Union USA,,,,,,,,
wlo@toryburch.com.hk,,,0,0,,,,"Tory Burch, LLC",Callie Pople,Control Union USA,,,,,,,,
wmorrow@revman.com,,,0,0,,,,Revman International Inc.,Callie Pople,Control Union USA,,,,,,,,
xhaddad@yasiro.com.mx,,,0,0,,,,Natco Trading LLC,Callie Pople,Control Union USA,,,,,,,,
xime.sanchez@arcteryx.com,,,2,3,,,,Arc'teryx Equipment,Callie Pople,Control Union USA,,,,,,,,
xli@eileenfisher.com,,,0,0,,,,Eileen Fisher Inc.,Callie Pople,Control Union USA,,,,,,,,
y.pan@teijin-frontier.com,,,0,0,,,,"Teijin Frontier (U.S.A), Inc.",Callie Pople,Control Union USA,,,,,,,,
yashira@bollandbranch.com,,,1,0,,,,Boll & Branch LLC.,Callie Pople,Control Union USA,,,,,,,,
yibin@ucalingerie.com,,,0,0,,,,"UCALINGERIE, INC.",Callie Pople,Control Union USA,,,,,,,,
yona@whisper-organics.com,,,4,0,,,,Futterman Textiles Inc dba Whisper Organics,Callie Pople,Control Union USA,,,,,,,,
yonermantilla@vft.com,,,2,0,,,,MS Nonwovens Inc,Callie Pople,Control Union USA,,,,,,,,
ysilvestre@fortuneswimwear.com,,,0,0,,,,Fortune Swimwear LLC,Callie Pople,Control Union USA,,,,,,,,
yubin@mail.lqfeather.com,,,0,0,,,,Allied Home LLC,Callie Pople,Control Union USA,,,,,,,,
yvonne.chiang@silkandsnow.com,,,1,0,,,,Silk & Snow Inc.,Callie Pople,Control Union USA,,,,,,,,
zarintasnim@pvh.com,,,0,0,,,,PVH Corporation,Callie Pople,Control Union USA,,,,,,,,
zdawood@amtexyarns.com,,,1,0,,,,Amtex (YARN) Manufacturing Inc,Callie Pople,Control Union USA,,,,,,,,
ziegler@global-standards.org,,,0,0,,,,GOTS,Nicolas B,Control Union Zwolle,,,,,,,,
zubair.fazal@nike.com,,,0,0,,,,"Nike, Inc.",Callie Pople,Control Union USA,,,,,,,,
